,Song Name,Danceability,Energy,Key,Loudness,Mode,Speechiness,Acousticness,Instramentalness,Liveness,Valence,Tempo,Type,ID,URI,Track Href,Analysis URL,Duration (ms),Time Signature
0,Liberdade Provisória,0.668,0.684,1,-5.937,1,0.0527,0.627,0.0,0.923,0.7,108.138,audio_features,1vG3YuKRYqPwTmNmYgqkpg,spotify:track:1vG3YuKRYqPwTmNmYgqkpg,https://api.spotify.com/v1/tracks/1vG3YuKRYqPwTmNmYgqkpg,https://api.spotify.com/v1/audio-analysis/1vG3YuKRYqPwTmNmYgqkpg,187986,4
1,SENTADÃO,0.68,0.869,6,-1.94,1,0.0589,0.178,0.0,0.223,0.924,173.997,audio_features,4lKuzrdZrJuCAedbIslF3A,spotify:track:4lKuzrdZrJuCAedbIslF3A,https://api.spotify.com/v1/tracks/4lKuzrdZrJuCAedbIslF3A,https://api.spotify.com/v1/audio-analysis/4lKuzrdZrJuCAedbIslF3A,143448,4
2,A Gente Fez Amor - Ao Vivo,0.793,0.937,8,-2.44,0,0.0336,0.366,4.27e-06,0.962,0.827,134.012,audio_features,3tv697PZNnaQN0Mn2zGhS5,spotify:track:3tv697PZNnaQN0Mn2zGhS5,https://api.spotify.com/v1/tracks/3tv697PZNnaQN0Mn2zGhS5,https://api.spotify.com/v1/audio-analysis/3tv697PZNnaQN0Mn2zGhS5,237517,4
3,Combatchy (feat. MC Rebecca),0.826,0.73,1,-3.032,1,0.0809,0.383,0.000374,0.0197,0.605,150.134,audio_features,2bPtwnrpFNEe8N7Q85kLHw,spotify:track:2bPtwnrpFNEe8N7Q85kLHw,https://api.spotify.com/v1/tracks/2bPtwnrpFNEe8N7Q85kLHw,https://api.spotify.com/v1/audio-analysis/2bPtwnrpFNEe8N7Q85kLHw,157600,4
4,Dance Monkey,0.824,0.588,6,-6.4,0,0.0924,0.692,0.000104,0.149,0.513,98.027,audio_features,2XU0oxnq2qxCpomAAuJY8K,spotify:track:2XU0oxnq2qxCpomAAuJY8K,https://api.spotify.com/v1/tracks/2XU0oxnq2qxCpomAAuJY8K,https://api.spotify.com/v1/audio-analysis/2XU0oxnq2qxCpomAAuJY8K,209438,4
5,Tudo Ok,0.814,0.755,11,-6.164,0,0.0942,0.239,0.0,0.306,0.963,79.975,audio_features,4HUZBG98TYbxSR9V1V2DWS,spotify:track:4HUZBG98TYbxSR9V1V2DWS,https://api.spotify.com/v1/tracks/4HUZBG98TYbxSR9V1V2DWS,https://api.spotify.com/v1/audio-analysis/4HUZBG98TYbxSR9V1V2DWS,178500,4
6,Surtada - Remix Brega Funk,0.832,0.55,5,-7.026,0,0.0587,0.249,8.17e-06,0.182,0.881,154.064,audio_features,5F8ffc8KWKNawllr5WsW0r,spotify:track:5F8ffc8KWKNawllr5WsW0r,https://api.spotify.com/v1/tracks/5F8ffc8KWKNawllr5WsW0r,https://api.spotify.com/v1/audio-analysis/5F8ffc8KWKNawllr5WsW0r,152784,4
7,Cheirosa - Ao Vivo,0.528,0.87,11,-3.123,1,0.0851,0.24,0.0,0.333,0.714,152.37,audio_features,2PWjKmjyTZeDpmOUa3a5da,spotify:track:2PWjKmjyTZeDpmOUa3a5da,https://api.spotify.com/v1/tracks/2PWjKmjyTZeDpmOUa3a5da,https://api.spotify.com/v1/audio-analysis/2PWjKmjyTZeDpmOUa3a5da,181930,4
8,Bebi Minha Bicicleta (Coração Falido) - Ao Vivo,0.39,0.903,0,-3.846,1,0.409,0.445,0.0,0.911,0.47,195.62,audio_features,2Q9TaUXNM4mNSCgJjbmsJe,spotify:track:2Q9TaUXNM4mNSCgJjbmsJe,https://api.spotify.com/v1/tracks/2Q9TaUXNM4mNSCgJjbmsJe,https://api.spotify.com/v1/audio-analysis/2Q9TaUXNM4mNSCgJjbmsJe,181670,4
9,Supera - Ao Vivo,0.665,0.743,4,-4.434,1,0.0567,0.0604,0.0,0.959,0.658,131.573,audio_features,3GmJxfnUDrIs1iCfKUELFz,spotify:track:3GmJxfnUDrIs1iCfKUELFz,https://api.spotify.com/v1/tracks/3GmJxfnUDrIs1iCfKUELFz,https://api.spotify.com/v1/audio-analysis/3GmJxfnUDrIs1iCfKUELFz,147748,4
10,Some que ele vem atrás,0.648,0.795,0,-5.536,0,0.17,0.0748,0.0,0.38,0.598,180.043,audio_features,2qD7VoDYcrAPY0cVEfpsR5,spotify:track:2qD7VoDYcrAPY0cVEfpsR5,https://api.spotify.com/v1/tracks/2qD7VoDYcrAPY0cVEfpsR5,https://api.spotify.com/v1/audio-analysis/2qD7VoDYcrAPY0cVEfpsR5,194771,4
11,Graveto - Ao Vivo,0.714,0.632,9,-5.1,1,0.0312,0.292,0.0,0.812,0.402,93.052,audio_features,3tc8Z4lGzOIwmIVftsxO6o,spotify:track:3tc8Z4lGzOIwmIVftsxO6o,https://api.spotify.com/v1/tracks/3tc8Z4lGzOIwmIVftsxO6o,https://api.spotify.com/v1/audio-analysis/3tc8Z4lGzOIwmIVftsxO6o,170877,4
12,Verdinha,0.845,0.954,8,-3.656,0,0.124,0.345,5.21e-05,0.115,0.63,137.995,audio_features,2RMOwSvOGQyy985Vx4VSGQ,spotify:track:2RMOwSvOGQyy985Vx4VSGQ,https://api.spotify.com/v1/tracks/2RMOwSvOGQyy985Vx4VSGQ,https://api.spotify.com/v1/audio-analysis/2RMOwSvOGQyy985Vx4VSGQ,160396,4
13,S de Saudade,0.714,0.712,11,-4.403,1,0.0545,0.621,0.0,0.127,0.789,123.804,audio_features,3J5Pu25BODMex4Jpy4l6FL,spotify:track:3J5Pu25BODMex4Jpy4l6FL,https://api.spotify.com/v1/tracks/3J5Pu25BODMex4Jpy4l6FL,https://api.spotify.com/v1/audio-analysis/3J5Pu25BODMex4Jpy4l6FL,174863,4
14,Gaiola É o Troco,0.722,0.84,10,-3.24,0,0.0785,0.42,0.0,0.112,0.851,150.108,audio_features,3Uq45ipGutypFPmETfaoaH,spotify:track:3Uq45ipGutypFPmETfaoaH,https://api.spotify.com/v1/tracks/3Uq45ipGutypFPmETfaoaH,https://api.spotify.com/v1/audio-analysis/3Uq45ipGutypFPmETfaoaH,187246,4
15,3 Batidas - Ao Vivo,0.552,0.709,8,-5.435,1,0.129,0.611,0.0,0.763,0.528,117.582,audio_features,1uryupl9hqVZYurJwH4G9k,spotify:track:1uryupl9hqVZYurJwH4G9k,https://api.spotify.com/v1/tracks/1uryupl9hqVZYurJwH4G9k,https://api.spotify.com/v1/audio-analysis/1uryupl9hqVZYurJwH4G9k,157186,4
16,Porta Mala,0.807,0.904,9,-2.612,1,0.0484,0.538,0.0,0.84,0.847,132.995,audio_features,7vZqxuOvEwRHsGVaDykzpY,spotify:track:7vZqxuOvEwRHsGVaDykzpY,https://api.spotify.com/v1/tracks/7vZqxuOvEwRHsGVaDykzpY,https://api.spotify.com/v1/audio-analysis/7vZqxuOvEwRHsGVaDykzpY,180053,4
17,Hit Contagiante,0.819,0.684,6,-7.169,0,0.119,0.132,0.0,0.0942,0.959,170.187,audio_features,5dKesZwp6deuhEeW8F1UEi,spotify:track:5dKesZwp6deuhEeW8F1UEi,https://api.spotify.com/v1/tracks/5dKesZwp6deuhEeW8F1UEi,https://api.spotify.com/v1/audio-analysis/5dKesZwp6deuhEeW8F1UEi,137125,4
18,menina solta,0.632,0.559,11,-6.74,0,0.0797,0.331,0.0,0.16,0.673,91.811,audio_features,2MOq63fxuFLYQM3CsDcFs1,spotify:track:2MOq63fxuFLYQM3CsDcFs1,https://api.spotify.com/v1/tracks/2MOq63fxuFLYQM3CsDcFs1,https://api.spotify.com/v1/audio-analysis/2MOq63fxuFLYQM3CsDcFs1,150026,4
19,Chama Ela (feat. Pedro Sampaio),0.888,0.841,6,-1.933,1,0.147,0.46,9.12e-05,0.0568,0.964,149.994,audio_features,14kRWkCWBYfQqILflEcpSJ,spotify:track:14kRWkCWBYfQqILflEcpSJ,https://api.spotify.com/v1/tracks/14kRWkCWBYfQqILflEcpSJ,https://api.spotify.com/v1/audio-analysis/14kRWkCWBYfQqILflEcpSJ,120200,4
20,Tijolão - Ao Vivo,0.637,0.877,4,-3.68,0,0.198,0.469,0.0,0.343,0.691,118.889,audio_features,6QwFUcPc5nhsqZuhXUYtV7,spotify:track:6QwFUcPc5nhsqZuhXUYtV7,https://api.spotify.com/v1/tracks/6QwFUcPc5nhsqZuhXUYtV7,https://api.spotify.com/v1/audio-analysis/6QwFUcPc5nhsqZuhXUYtV7,175219,4
21,Vem Me Satisfazer,0.862,0.561,8,-5.703,1,0.335,0.596,0.0,0.108,0.541,99.864,audio_features,63SHcJzckFykS8faA5zojY,spotify:track:63SHcJzckFykS8faA5zojY,https://api.spotify.com/v1/tracks/63SHcJzckFykS8faA5zojY,https://api.spotify.com/v1/audio-analysis/63SHcJzckFykS8faA5zojY,188388,3
22,Yummy,0.662,0.519,9,-6.554,0,0.106,0.404,0.0,0.121,0.495,145.841,audio_features,41L3O37CECZt3N7ziG2z7l,spotify:track:41L3O37CECZt3N7ziG2z7l,https://api.spotify.com/v1/tracks/41L3O37CECZt3N7ziG2z7l,https://api.spotify.com/v1/audio-analysis/41L3O37CECZt3N7ziG2z7l,210427,4
23,Com ou Sem Mim (Ao Vivo em Fortaleza),0.605,0.72,7,-3.616,0,0.0481,0.159,0.0,0.956,0.296,141.954,audio_features,2BU6XXSG8SqiptRuj6EiLA,spotify:track:2BU6XXSG8SqiptRuj6EiLA,https://api.spotify.com/v1/tracks/2BU6XXSG8SqiptRuj6EiLA,https://api.spotify.com/v1/audio-analysis/2BU6XXSG8SqiptRuj6EiLA,201856,4
24,To Voando Alto,0.887,0.683,6,-3.167,1,0.173,0.311,1.95e-06,0.0833,0.797,145.266,audio_features,7HLU2aJTAQfSIgJ2dMASsP,spotify:track:7HLU2aJTAQfSIgJ2dMASsP,https://api.spotify.com/v1/tracks/7HLU2aJTAQfSIgJ2dMASsP,https://api.spotify.com/v1/audio-analysis/7HLU2aJTAQfSIgJ2dMASsP,137430,4
25,Contatinho - Ao Vivo Em São Paulo / 2019,0.787,0.934,10,-5.136,0,0.0773,0.223,1.87e-05,0.951,0.813,152.018,audio_features,4RC2nzqaQygxoVQOVv3XlT,spotify:track:4RC2nzqaQygxoVQOVv3XlT,https://api.spotify.com/v1/tracks/4RC2nzqaQygxoVQOVv3XlT,https://api.spotify.com/v1/audio-analysis/4RC2nzqaQygxoVQOVv3XlT,173230,4
26,Ferida Curada,0.49,0.845,2,-3.359,1,0.0973,0.49,0.0,0.213,0.548,146.105,audio_features,1U3tv41tFRgOfbytpuYQrR,spotify:track:1U3tv41tFRgOfbytpuYQrR,https://api.spotify.com/v1/tracks/1U3tv41tFRgOfbytpuYQrR,https://api.spotify.com/v1/audio-analysis/1U3tv41tFRgOfbytpuYQrR,159164,4
27,Volta por Baixo,0.531,0.771,10,-5.897,1,0.05,0.386,0.0,0.942,0.467,123.414,audio_features,034Wtb0MsgU2kIT7PWdi4c,spotify:track:034Wtb0MsgU2kIT7PWdi4c,https://api.spotify.com/v1/tracks/034Wtb0MsgU2kIT7PWdi4c,https://api.spotify.com/v1/audio-analysis/034Wtb0MsgU2kIT7PWdi4c,192632,4
28,Aí Eu Bebo - Ao Vivo,0.827,0.683,11,-5.113,0,0.0719,0.479,0.0,0.409,0.85,135.944,audio_features,6lK3nCiigk34SGqEjpQoqO,spotify:track:6lK3nCiigk34SGqEjpQoqO,https://api.spotify.com/v1/tracks/6lK3nCiigk34SGqEjpQoqO,https://api.spotify.com/v1/audio-analysis/6lK3nCiigk34SGqEjpQoqO,173892,4
29,Lençol Dobrado,0.707,0.664,2,-5.042,1,0.0382,0.361,0.0,0.331,0.674,124.991,audio_features,72xB2J9ZeBl0Rzxq2XmzdY,spotify:track:72xB2J9ZeBl0Rzxq2XmzdY,https://api.spotify.com/v1/tracks/72xB2J9ZeBl0Rzxq2XmzdY,https://api.spotify.com/v1/audio-analysis/72xB2J9ZeBl0Rzxq2XmzdY,179165,4
30,Briga Feia,0.59,0.846,11,-5.501,1,0.0616,0.108,0.0,0.93,0.565,167.991,audio_features,6e8X0VVUO6BIZMnDvICDOR,spotify:track:6e8X0VVUO6BIZMnDvICDOR,https://api.spotify.com/v1/tracks/6e8X0VVUO6BIZMnDvICDOR,https://api.spotify.com/v1/audio-analysis/6e8X0VVUO6BIZMnDvICDOR,194580,4
31,Quando a vontade bater (Participação especial de PK Delas),0.621,0.7,8,-5.502,1,0.247,0.539,0.0,0.152,0.704,149.902,audio_features,26WpOBpHiIMoBuMEIwtOCH,spotify:track:26WpOBpHiIMoBuMEIwtOCH,https://api.spotify.com/v1/tracks/26WpOBpHiIMoBuMEIwtOCH,https://api.spotify.com/v1/audio-analysis/26WpOBpHiIMoBuMEIwtOCH,166400,4
32,Invocada (Participação especial de Léo Santana) - Ao vivo,0.776,0.864,1,-4.281,1,0.0517,0.478,0.0,0.932,0.701,134.992,audio_features,4k20Ie47EcWtS4wMBn8w8S,spotify:track:4k20Ie47EcWtS4wMBn8w8S,https://api.spotify.com/v1/tracks/4k20Ie47EcWtS4wMBn8w8S,https://api.spotify.com/v1/audio-analysis/4k20Ie47EcWtS4wMBn8w8S,157494,4
33,Don't Start Now,0.794,0.793,11,-4.521,0,0.0842,0.0125,0.0,0.0952,0.677,123.941,audio_features,6WrI0LAC5M1Rw2MnX2ZvEg,spotify:track:6WrI0LAC5M1Rw2MnX2ZvEg,https://api.spotify.com/v1/tracks/6WrI0LAC5M1Rw2MnX2ZvEg,https://api.spotify.com/v1/audio-analysis/6WrI0LAC5M1Rw2MnX2ZvEg,183290,4
34,Quarta Cadeira - Ao Vivo,0.565,0.82,5,-5.031,0,0.243,0.589,0.0,0.621,0.604,76.471,audio_features,5q0NlM6Pm8Pp3orq7zGiRn,spotify:track:5q0NlM6Pm8Pp3orq7zGiRn,https://api.spotify.com/v1/tracks/5q0NlM6Pm8Pp3orq7zGiRn,https://api.spotify.com/v1/audio-analysis/5q0NlM6Pm8Pp3orq7zGiRn,224002,4
35,Ela Vem,0.616,0.634,11,-7.389,1,0.546,0.619,0.0,0.0732,0.586,185.186,audio_features,31yFXM26dazFnWI2eoOM5R,spotify:track:31yFXM26dazFnWI2eoOM5R,https://api.spotify.com/v1/tracks/31yFXM26dazFnWI2eoOM5R,https://api.spotify.com/v1/audio-analysis/31yFXM26dazFnWI2eoOM5R,196800,5
36,Tiro Certo - Ao Vivo,0.71,0.905,5,-5.146,1,0.0716,0.557,1.31e-06,0.709,0.688,130.046,audio_features,5MArTXEVyKBwoodjdy04fk,spotify:track:5MArTXEVyKBwoodjdy04fk,https://api.spotify.com/v1/tracks/5MArTXEVyKBwoodjdy04fk,https://api.spotify.com/v1/audio-analysis/5MArTXEVyKBwoodjdy04fk,179065,4
37,Serenata - Ao Vivo,0.711,0.711,4,-5.691,1,0.0896,0.103,0.0,0.971,0.743,131.813,audio_features,5fY9bVl1Wj4PIM3wnduWop,spotify:track:5fY9bVl1Wj4PIM3wnduWop,https://api.spotify.com/v1/tracks/5fY9bVl1Wj4PIM3wnduWop,https://api.spotify.com/v1/audio-analysis/5fY9bVl1Wj4PIM3wnduWop,156371,4
38,Kenny G,0.417,0.767,9,-3.31,1,0.194,0.0778,0.0,0.113,0.152,72.573,audio_features,3MkdA6vwF0ifRl86yzTlJW,spotify:track:3MkdA6vwF0ifRl86yzTlJW,https://api.spotify.com/v1/tracks/3MkdA6vwF0ifRl86yzTlJW,https://api.spotify.com/v1/audio-analysis/3MkdA6vwF0ifRl86yzTlJW,189600,3
39,Paredão,0.744,0.794,6,-4.409,0,0.0836,0.293,0.00207,0.0994,0.717,90.07,audio_features,5FFpRbsH9WDYNoLauRAHpj,spotify:track:5FFpRbsH9WDYNoLauRAHpj,https://api.spotify.com/v1/tracks/5FFpRbsH9WDYNoLauRAHpj,https://api.spotify.com/v1/audio-analysis/5FFpRbsH9WDYNoLauRAHpj,133333,4
40,Amor de Que,0.737,0.819,11,-5.056,0,0.0446,0.0726,0.0,0.36,0.904,139.988,audio_features,7yYsyXQa2JgbyL9fkEiUNt,spotify:track:7yYsyXQa2JgbyL9fkEiUNt,https://api.spotify.com/v1/tracks/7yYsyXQa2JgbyL9fkEiUNt,https://api.spotify.com/v1/audio-analysis/7yYsyXQa2JgbyL9fkEiUNt,157929,4
41,quando a bad bater - ao vivo,0.648,0.789,1,-4.767,1,0.0414,0.304,0.0,0.532,0.53,128.124,audio_features,5gvrBqNFFEWcxYPt3mamvJ,spotify:track:5gvrBqNFFEWcxYPt3mamvJ,https://api.spotify.com/v1/tracks/5gvrBqNFFEWcxYPt3mamvJ,https://api.spotify.com/v1/audio-analysis/5gvrBqNFFEWcxYPt3mamvJ,179722,4
42,Se Prepara 2,0.648,0.453,8,-8.969,0,0.522,0.106,3.78e-06,0.106,0.359,130.199,audio_features,0CgMeXQiNYJxPVQ2EMJxdL,spotify:track:0CgMeXQiNYJxPVQ2EMJxdL,https://api.spotify.com/v1/tracks/0CgMeXQiNYJxPVQ2EMJxdL,https://api.spotify.com/v1/audio-analysis/0CgMeXQiNYJxPVQ2EMJxdL,147336,4
43,Áudio - Ao Vivo em Brasília,0.605,0.812,11,-4.699,1,0.0403,0.515,0.0,0.419,0.451,110.081,audio_features,2PqPSf3gtTED79rWGwVtYg,spotify:track:2PqPSf3gtTED79rWGwVtYg,https://api.spotify.com/v1/tracks/2PqPSf3gtTED79rWGwVtYg,https://api.spotify.com/v1/audio-analysis/2PqPSf3gtTED79rWGwVtYg,190245,4
44,Señorita,0.759,0.548,9,-6.049,0,0.029,0.0392,0.0,0.0828,0.749,116.967,audio_features,6v3KW9xbzN5yKLt9YKDYA2,spotify:track:6v3KW9xbzN5yKLt9YKDYA2,https://api.spotify.com/v1/tracks/6v3KW9xbzN5yKLt9YKDYA2,https://api.spotify.com/v1/audio-analysis/6v3KW9xbzN5yKLt9YKDYA2,190800,4
45,Todo Mundo Vai Sofrer - Ao Vivo,0.621,0.743,3,-3.864,1,0.0738,0.281,0.0,0.411,0.581,111.454,audio_features,4E6RdcCWMiHTu7zy1VTNDo,spotify:track:4E6RdcCWMiHTu7zy1VTNDo,https://api.spotify.com/v1/tracks/4E6RdcCWMiHTu7zy1VTNDo,https://api.spotify.com/v1/audio-analysis/4E6RdcCWMiHTu7zy1VTNDo,154661,4
46,"Mil Anos - Recorded At Mosh Studios, São Paulo",0.619,0.697,9,-8.037,0,0.0715,0.287,0.0,0.0788,0.447,135.089,audio_features,4UUtssVRs2aQTLQCAAtZg1,spotify:track:4UUtssVRs2aQTLQCAAtZg1,https://api.spotify.com/v1/tracks/4UUtssVRs2aQTLQCAAtZg1,https://api.spotify.com/v1/audio-analysis/4UUtssVRs2aQTLQCAAtZg1,189005,4
47,Sentou e Gostou,0.702,0.672,7,-3.308,1,0.397,0.261,0.000988,0.0916,0.722,131.453,audio_features,6V43u5SCjkfMpxMAXRPifr,spotify:track:6V43u5SCjkfMpxMAXRPifr,https://api.spotify.com/v1/tracks/6V43u5SCjkfMpxMAXRPifr,https://api.spotify.com/v1/audio-analysis/6V43u5SCjkfMpxMAXRPifr,163253,4
48,Pupila,0.716,0.426,10,-9.576,1,0.128,0.401,0.0,0.11,0.434,88.794,audio_features,7Gk5OrMYaMRtT2JmgJVAfk,spotify:track:7Gk5OrMYaMRtT2JmgJVAfk,https://api.spotify.com/v1/tracks/7Gk5OrMYaMRtT2JmgJVAfk,https://api.spotify.com/v1/audio-analysis/7Gk5OrMYaMRtT2JmgJVAfk,202288,4
49,Complicado,0.734,0.484,7,-7.486,0,0.13,0.57,0.0,0.224,0.499,130.05,audio_features,52vPpP2gEYaBROIS77J38P,spotify:track:52vPpP2gEYaBROIS77J38P,https://api.spotify.com/v1/tracks/52vPpP2gEYaBROIS77J38P,https://api.spotify.com/v1/audio-analysis/52vPpP2gEYaBROIS77J38P,179339,4
