,Song Name,Danceability,Energy,Key,Loudness,Mode,Speechiness,Acousticness,Instramentalness,Liveness,Valence,Tempo,Type,ID,URI,Track Href,Analysis URL,Duration (ms),Time Signature
0,Ne reviens pas,0.932,0.778,10,-3.384,0,0.0638,0.212,0.0,0.168,0.933,124.996,audio_features,4TnFANpjVwVKWzkxNzIyFH,spotify:track:4TnFANpjVwVKWzkxNzIyFH,https://api.spotify.com/v1/tracks/4TnFANpjVwVKWzkxNzIyFH,https://api.spotify.com/v1/audio-analysis/4TnFANpjVwVKWzkxNzIyFH,188613,4
1,Moulaga,0.71,0.699,7,-4.664,0,0.1,0.327,4.64e-06,0.0975,0.484,125.051,audio_features,5BfCoUcWNXcpyJfjXRIeyC,spotify:track:5BfCoUcWNXcpyJfjXRIeyC,https://api.spotify.com/v1/tracks/5BfCoUcWNXcpyJfjXRIeyC,https://api.spotify.com/v1/audio-analysis/5BfCoUcWNXcpyJfjXRIeyC,179868,4
2,Distant,0.747,0.731,4,-6.305,0,0.194,0.555,0.0,0.0662,0.493,105.074,audio_features,2iuNKcIOuHb9VIplN7NDoa,spotify:track:2iuNKcIOuHb9VIplN7NDoa,https://api.spotify.com/v1/tracks/2iuNKcIOuHb9VIplN7NDoa,https://api.spotify.com/v1/audio-analysis/2iuNKcIOuHb9VIplN7NDoa,162013,4
3,Dance Monkey,0.824,0.588,6,-6.4,0,0.0924,0.692,0.000104,0.149,0.513,98.027,audio_features,2XU0oxnq2qxCpomAAuJY8K,spotify:track:2XU0oxnq2qxCpomAAuJY8K,https://api.spotify.com/v1/tracks/2XU0oxnq2qxCpomAAuJY8K,https://api.spotify.com/v1/audio-analysis/2XU0oxnq2qxCpomAAuJY8K,209438,4
4,Blinding Lights,0.513,0.796,1,-4.075,1,0.0629,0.00147,0.000209,0.0938,0.345,171.017,audio_features,0sf12qNH5qcw8qpgymFOqD,spotify:track:0sf12qNH5qcw8qpgymFOqD,https://api.spotify.com/v1/tracks/0sf12qNH5qcw8qpgymFOqD,https://api.spotify.com/v1/audio-analysis/0sf12qNH5qcw8qpgymFOqD,201573,4
5,MD (feat. Niska),0.41,0.729,4,-5.253,0,0.4,0.499,0.0,0.124,0.593,75.301,audio_features,2TifYdW9lTbEqBipirS679,spotify:track:2TifYdW9lTbEqBipirS679,https://api.spotify.com/v1/tracks/2TifYdW9lTbEqBipirS679,https://api.spotify.com/v1/audio-analysis/2TifYdW9lTbEqBipirS679,210827,4
6,40%,0.841,0.693,11,-7.335,1,0.207,0.396,4.03e-06,0.133,0.677,92.021,audio_features,47LFcy7prvEY5D08d26zOo,spotify:track:47LFcy7prvEY5D08d26zOo,https://api.spotify.com/v1/tracks/47LFcy7prvEY5D08d26zOo,https://api.spotify.com/v1/audio-analysis/47LFcy7prvEY5D08d26zOo,174933,4
7,Popopop,0.833,0.652,0,-6.194,0,0.31,0.0477,0.000138,0.145,0.414,130.002,audio_features,18HNGxDOcshRU2Hdu8tMOM,spotify:track:18HNGxDOcshRU2Hdu8tMOM,https://api.spotify.com/v1/tracks/18HNGxDOcshRU2Hdu8tMOM,https://api.spotify.com/v1/audio-analysis/18HNGxDOcshRU2Hdu8tMOM,155632,4
8,ROXANNE,0.621,0.601,6,-5.616,0,0.148,0.0522,0.0,0.46,0.457,116.735,audio_features,696DnlkuDOXcMAnKlTgXXK,spotify:track:696DnlkuDOXcMAnKlTgXXK,https://api.spotify.com/v1/tracks/696DnlkuDOXcMAnKlTgXXK,https://api.spotify.com/v1/audio-analysis/696DnlkuDOXcMAnKlTgXXK,163636,5
9,Loin de moi,0.892,0.459,11,-8.316,0,0.239,0.635,4.4e-05,0.062,0.501,96.975,audio_features,30kxl4FnaEFS2qZkec3Zak,spotify:track:30kxl4FnaEFS2qZkec3Zak,https://api.spotify.com/v1/tracks/30kxl4FnaEFS2qZkec3Zak,https://api.spotify.com/v1/audio-analysis/30kxl4FnaEFS2qZkec3Zak,143744,4
10,93% [Tijuana],0.803,0.686,9,-5.222,1,0.0639,0.621,0.0,0.181,0.797,136.055,audio_features,45mzuuUWaRRLwIDifDferf,spotify:track:45mzuuUWaRRLwIDifDferf,https://api.spotify.com/v1/tracks/45mzuuUWaRRLwIDifDferf,https://api.spotify.com/v1/audio-analysis/45mzuuUWaRRLwIDifDferf,222806,4
11,Côte Ouest,0.771,0.594,8,-7.961,1,0.0945,0.501,0.0,0.181,0.581,152.039,audio_features,2amrInRmNzmt4Etb6Yn1er,spotify:track:2amrInRmNzmt4Etb6Yn1er,https://api.spotify.com/v1/tracks/2amrInRmNzmt4Etb6Yn1er,https://api.spotify.com/v1/audio-analysis/2amrInRmNzmt4Etb6Yn1er,233280,4
12,Woin Woin,0.899,0.64,3,-7.148,1,0.288,0.165,0.0,0.0813,0.702,130.026,audio_features,0Ecm3TMuREDnBWbYKx3XZb,spotify:track:0Ecm3TMuREDnBWbYKx3XZb,https://api.spotify.com/v1/tracks/0Ecm3TMuREDnBWbYKx3XZb,https://api.spotify.com/v1/audio-analysis/0Ecm3TMuREDnBWbYKx3XZb,172933,4
13,Oui ou non,0.649,0.574,2,-7.856,1,0.143,0.635,1.28e-05,0.161,0.361,199.906,audio_features,7rBP4bLjMLNkix1nGHjheP,spotify:track:7rBP4bLjMLNkix1nGHjheP,https://api.spotify.com/v1/tracks/7rBP4bLjMLNkix1nGHjheP,https://api.spotify.com/v1/audio-analysis/7rBP4bLjMLNkix1nGHjheP,196800,4
14,Roses - Imanbek Remix,0.784,0.721,8,-5.457,1,0.0506,0.0149,0.00424,0.285,0.895,121.966,audio_features,7fPuWrlpwDcHm5aHCH5D9t,spotify:track:7fPuWrlpwDcHm5aHCH5D9t,https://api.spotify.com/v1/tracks/7fPuWrlpwDcHm5aHCH5D9t,https://api.spotify.com/v1/audio-analysis/7fPuWrlpwDcHm5aHCH5D9t,176219,4
15,God Bless (feat. Damso),0.861,0.572,11,-9.98,1,0.116,0.00947,0.000751,0.0639,0.232,82.51,audio_features,1NPCzLUr7hczTXX2Z5Azt9,spotify:track:1NPCzLUr7hczTXX2Z5Azt9,https://api.spotify.com/v1/tracks/1NPCzLUr7hczTXX2Z5Azt9,https://api.spotify.com/v1/audio-analysis/1NPCzLUr7hczTXX2Z5Azt9,161743,4
16,Jamais,0.641,0.673,6,-7.017,0,0.0857,0.429,0.0,0.105,0.785,149.974,audio_features,2MCAs3ttHSuDm1RHL0rqTF,spotify:track:2MCAs3ttHSuDm1RHL0rqTF,https://api.spotify.com/v1/tracks/2MCAs3ttHSuDm1RHL0rqTF,https://api.spotify.com/v1/audio-analysis/2MCAs3ttHSuDm1RHL0rqTF,192107,4
17,La vie qu'on mène,0.8,0.756,7,-4.4,0,0.0367,0.687,2.06e-06,0.111,0.456,113.204,audio_features,0Jh6iWjna1wk5le0Ahn7No,spotify:track:0Jh6iWjna1wk5le0Ahn7No,https://api.spotify.com/v1/tracks/0Jh6iWjna1wk5le0Ahn7No,https://api.spotify.com/v1/audio-analysis/0Jh6iWjna1wk5le0Ahn7No,193444,3
18,RITMO (Bad Boys For Life),0.721,0.716,10,-7.037,0,0.0657,0.0334,0.00084,0.237,0.667,104.994,audio_features,6cy3ki60hLwimwIje7tALf,spotify:track:6cy3ki60hLwimwIje7tALf,https://api.spotify.com/v1/tracks/6cy3ki60hLwimwIje7tALf,https://api.spotify.com/v1/audio-analysis/6cy3ki60hLwimwIje7tALf,221714,4
19,Ride It,0.88,0.751,7,-4.258,0,0.0874,0.177,6.43e-05,0.106,0.884,117.948,audio_features,2tnVG71enUj33Ic2nFN6kZ,spotify:track:2tnVG71enUj33Ic2nFN6kZ,https://api.spotify.com/v1/tracks/2tnVG71enUj33Ic2nFN6kZ,https://api.spotify.com/v1/audio-analysis/2tnVG71enUj33Ic2nFN6kZ,157606,4
20,Hé oh,0.832,0.591,7,-5.481,1,0.147,0.0684,0.000368,0.196,0.537,104.996,audio_features,1bWafkUCOp6luXRs1cm3w9,spotify:track:1bWafkUCOp6luXRs1cm3w9,https://api.spotify.com/v1/tracks/1bWafkUCOp6luXRs1cm3w9,https://api.spotify.com/v1/audio-analysis/1bWafkUCOp6luXRs1cm3w9,178416,4
21,Bâtiment,0.663,0.702,8,-6.793,1,0.136,0.293,0.0,0.0741,0.645,168.118,audio_features,7FF6HRsQlc0CtfAbLmrEGX,spotify:track:7FF6HRsQlc0CtfAbLmrEGX,https://api.spotify.com/v1/tracks/7FF6HRsQlc0CtfAbLmrEGX,https://api.spotify.com/v1/audio-analysis/7FF6HRsQlc0CtfAbLmrEGX,211013,4
22,Falling,0.784,0.43,10,-8.756,0,0.0364,0.123,0.0,0.0887,0.236,127.087,audio_features,4TnjEaWOeW0eKTKIEvJyCa,spotify:track:4TnjEaWOeW0eKTKIEvJyCa,https://api.spotify.com/v1/tracks/4TnjEaWOeW0eKTKIEvJyCa,https://api.spotify.com/v1/audio-analysis/4TnjEaWOeW0eKTKIEvJyCa,159382,4
23,Street,0.659,0.297,7,-19.793,0,0.0811,0.295,0.0,0.213,0.494,147.98,audio_features,0MtMUDO6tzHq1ux9rwSJhl,spotify:track:0MtMUDO6tzHq1ux9rwSJhl,https://api.spotify.com/v1/tracks/0MtMUDO6tzHq1ux9rwSJhl,https://api.spotify.com/v1/audio-analysis/0MtMUDO6tzHq1ux9rwSJhl,184607,4
24,Avant toi,0.63,0.396,10,-9.162,1,0.0334,0.875,0.0,0.1,0.246,142.046,audio_features,4iNPp0BZ4lBu7bipdWLcWk,spotify:track:4iNPp0BZ4lBu7bipdWLcWk,https://api.spotify.com/v1/tracks/4iNPp0BZ4lBu7bipdWLcWk,https://api.spotify.com/v1/audio-analysis/4iNPp0BZ4lBu7bipdWLcWk,223800,4
25,Memories,0.764,0.32,11,-7.209,1,0.0546,0.837,0.0,0.0822,0.575,91.019,audio_features,2b8fOow8UzyDFAE27YhOZM,spotify:track:2b8fOow8UzyDFAE27YhOZM,https://api.spotify.com/v1/tracks/2b8fOow8UzyDFAE27YhOZM,https://api.spotify.com/v1/audio-analysis/2b8fOow8UzyDFAE27YhOZM,189486,4
26,Yummy,0.662,0.519,9,-6.554,0,0.106,0.404,0.0,0.121,0.495,145.841,audio_features,41L3O37CECZt3N7ziG2z7l,spotify:track:41L3O37CECZt3N7ziG2z7l,https://api.spotify.com/v1/tracks/41L3O37CECZt3N7ziG2z7l,https://api.spotify.com/v1/audio-analysis/41L3O37CECZt3N7ziG2z7l,210427,4
27,Don't Start Now,0.794,0.793,11,-4.521,0,0.0842,0.0125,0.0,0.0952,0.677,123.941,audio_features,6WrI0LAC5M1Rw2MnX2ZvEg,spotify:track:6WrI0LAC5M1Rw2MnX2ZvEg,https://api.spotify.com/v1/tracks/6WrI0LAC5M1Rw2MnX2ZvEg,https://api.spotify.com/v1/audio-analysis/6WrI0LAC5M1Rw2MnX2ZvEg,183290,4
28,Trampoline (with ZAYN),0.619,0.459,7,-5.782,0,0.0334,0.56,0.0,0.137,0.498,126.803,audio_features,2ez6qvOTHKeI3ss80NGqnI,spotify:track:2ez6qvOTHKeI3ss80NGqnI,https://api.spotify.com/v1/tracks/2ez6qvOTHKeI3ss80NGqnI,https://api.spotify.com/v1/audio-analysis/2ez6qvOTHKeI3ss80NGqnI,184280,4
29,The Box,0.896,0.586,10,-6.687,0,0.0559,0.104,0.0,0.79,0.642,116.971,audio_features,0nbXyq5TXYPCO7pr3N8S4I,spotify:track:0nbXyq5TXYPCO7pr3N8S4I,https://api.spotify.com/v1/tracks/0nbXyq5TXYPCO7pr3N8S4I,https://api.spotify.com/v1/audio-analysis/0nbXyq5TXYPCO7pr3N8S4I,196653,4
30,Mayday (feat. Ninho),0.614,0.596,9,-7.664,0,0.357,0.605,5.3e-06,0.0945,0.248,152.138,audio_features,1SVuEeerYIwjCRsF5MGzX3,spotify:track:1SVuEeerYIwjCRsF5MGzX3,https://api.spotify.com/v1/tracks/1SVuEeerYIwjCRsF5MGzX3,https://api.spotify.com/v1/audio-analysis/1SVuEeerYIwjCRsF5MGzX3,209787,4
31,Que Calor (feat. J Balvin & El Alfa),0.795,0.885,8,-4.13,1,0.0713,0.0375,0.00638,0.292,0.46,126.037,audio_features,1RKZvaLj3UPhGjZkaIrFm7,spotify:track:1RKZvaLj3UPhGjZkaIrFm7,https://api.spotify.com/v1/tracks/1RKZvaLj3UPhGjZkaIrFm7,https://api.spotify.com/v1/audio-analysis/1RKZvaLj3UPhGjZkaIrFm7,169998,4
32,Baianá,0.564,0.723,2,-6.983,0,0.0702,0.000741,0.672,0.543,0.466,121.97,audio_features,3iCO0ZekWPK6rmLnDjejLB,spotify:track:3iCO0ZekWPK6rmLnDjejLB,https://api.spotify.com/v1/tracks/3iCO0ZekWPK6rmLnDjejLB,https://api.spotify.com/v1/audio-analysis/3iCO0ZekWPK6rmLnDjejLB,180843,4
33,Dans l'univers,0.64,0.419,11,-9.962,1,0.168,0.326,0.000271,0.137,0.202,131.936,audio_features,2PYXOG6GdxF9sUIH2NfOAD,spotify:track:2PYXOG6GdxF9sUIH2NfOAD,https://api.spotify.com/v1/tracks/2PYXOG6GdxF9sUIH2NfOAD,https://api.spotify.com/v1/audio-analysis/2PYXOG6GdxF9sUIH2NfOAD,244320,4
34,Maman ne le sait pas (feat. Niska),0.755,0.875,7,-5.944,0,0.193,0.399,0.0,0.115,0.393,145.008,audio_features,5c2HadbVTsMKjja4gohEFI,spotify:track:5c2HadbVTsMKjja4gohEFI,https://api.spotify.com/v1/tracks/5c2HadbVTsMKjja4gohEFI,https://api.spotify.com/v1/audio-analysis/5c2HadbVTsMKjja4gohEFI,203301,4
35,Señorita,0.759,0.548,9,-6.049,0,0.029,0.0392,0.0,0.0828,0.749,116.967,audio_features,6v3KW9xbzN5yKLt9YKDYA2,spotify:track:6v3KW9xbzN5yKLt9YKDYA2,https://api.spotify.com/v1/tracks/6v3KW9xbzN5yKLt9YKDYA2,https://api.spotify.com/v1/audio-analysis/6v3KW9xbzN5yKLt9YKDYA2,190800,4
36,Un peu de haine,0.769,0.658,1,-7.272,0,0.0598,0.44,0.0,0.22,0.421,134.012,audio_features,5yYfCoMrhcuxMP9CAmA2rU,spotify:track:5yYfCoMrhcuxMP9CAmA2rU,https://api.spotify.com/v1/tracks/5yYfCoMrhcuxMP9CAmA2rU,https://api.spotify.com/v1/audio-analysis/5yYfCoMrhcuxMP9CAmA2rU,167507,4
37,everything i wanted,0.704,0.225,6,-14.454,0,0.0994,0.902,0.657,0.106,0.243,120.006,audio_features,3ZCTVFBt2Brf31RLEnCkWJ,spotify:track:3ZCTVFBt2Brf31RLEnCkWJ,https://api.spotify.com/v1/tracks/3ZCTVFBt2Brf31RLEnCkWJ,https://api.spotify.com/v1/audio-analysis/3ZCTVFBt2Brf31RLEnCkWJ,245426,4
38,Life Is Good (feat. Drake),0.676,0.609,2,-5.831,0,0.481,0.0706,0.0,0.152,0.508,142.037,audio_features,5yY9lUy8nbvjM1Uyo1Uqoc,spotify:track:5yY9lUy8nbvjM1Uyo1Uqoc,https://api.spotify.com/v1/tracks/5yY9lUy8nbvjM1Uyo1Uqoc,https://api.spotify.com/v1/audio-analysis/5yY9lUy8nbvjM1Uyo1Uqoc,237735,4
39,Be Honest (feat. Burna Boy),0.757,0.737,4,-6.728,0,0.114,0.311,0.0,0.113,0.635,98.057,audio_features,5pAbCxt9e3f81lOmjIXwzd,spotify:track:5pAbCxt9e3f81lOmjIXwzd,https://api.spotify.com/v1/tracks/5pAbCxt9e3f81lOmjIXwzd,https://api.spotify.com/v1/audio-analysis/5pAbCxt9e3f81lOmjIXwzd,207031,4
40,Goutte d'eau,0.683,0.693,5,-6.441,0,0.127,0.647,0.0,0.121,0.322,137.826,audio_features,0rQbvQpjQ6QeeCAnVRzokf,spotify:track:0rQbvQpjQ6QeeCAnVRzokf,https://api.spotify.com/v1/tracks/0rQbvQpjQ6QeeCAnVRzokf,https://api.spotify.com/v1/audio-analysis/0rQbvQpjQ6QeeCAnVRzokf,157184,4
41,Méchant,0.531,0.803,8,-3.929,0,0.339,0.325,0.0,0.368,0.414,97.51,audio_features,75bVc27bDSOAhMAL38cXpV,spotify:track:75bVc27bDSOAhMAL38cXpV,https://api.spotify.com/v1/tracks/75bVc27bDSOAhMAL38cXpV,https://api.spotify.com/v1/audio-analysis/75bVc27bDSOAhMAL38cXpV,191133,5
42,Ma vie,0.489,0.491,10,-8.194,1,0.0965,0.1,0.0,0.158,0.282,200.512,audio_features,2WFa5RbfyeoBDGNkg3OD7M,spotify:track:2WFa5RbfyeoBDGNkg3OD7M,https://api.spotify.com/v1/tracks/2WFa5RbfyeoBDGNkg3OD7M,https://api.spotify.com/v1/audio-analysis/2WFa5RbfyeoBDGNkg3OD7M,208893,3
43,Elle est bonne sa mère,0.787,0.741,4,-5.484,0,0.0592,0.329,1.88e-05,0.341,0.466,105.0,audio_features,7j56bK7gq6iV7zsD6lbP4J,spotify:track:7j56bK7gq6iV7zsD6lbP4J,https://api.spotify.com/v1/tracks/7j56bK7gq6iV7zsD6lbP4J,https://api.spotify.com/v1/audio-analysis/7j56bK7gq6iV7zsD6lbP4J,196880,4
44,Block,0.715,0.743,1,-6.779,0,0.279,0.287,0.0,0.413,0.711,77.032,audio_features,0yVPwf4vpeGum3gF1XMCWQ,spotify:track:0yVPwf4vpeGum3gF1XMCWQ,https://api.spotify.com/v1/tracks/0yVPwf4vpeGum3gF1XMCWQ,https://api.spotify.com/v1/audio-analysis/0yVPwf4vpeGum3gF1XMCWQ,157253,4
45,Ma belle,0.739,0.656,0,-5.516,1,0.0578,0.764,4.09e-06,0.0896,0.47,82.011,audio_features,3Aq1SJ1hWlfazx8IIC6u1D,spotify:track:3Aq1SJ1hWlfazx8IIC6u1D,https://api.spotify.com/v1/tracks/3Aq1SJ1hWlfazx8IIC6u1D,https://api.spotify.com/v1/audio-analysis/3Aq1SJ1hWlfazx8IIC6u1D,158276,4
46,Good as Hell (feat. Ariana Grande) - Remix,0.668,0.892,5,-3.001,0,0.0645,0.298,0.0,0.735,0.478,95.927,audio_features,07Oz5StQ7GRoygNLaXs2pd,spotify:track:07Oz5StQ7GRoygNLaXs2pd,https://api.spotify.com/v1/tracks/07Oz5StQ7GRoygNLaXs2pd,https://api.spotify.com/v1/audio-analysis/07Oz5StQ7GRoygNLaXs2pd,159011,4
47,Compliqué,0.692,0.749,1,-6.597,1,0.051,0.544,0.0,0.159,0.928,74.993,audio_features,7MmocSyYpeLvpgO4eRW3zl,spotify:track:7MmocSyYpeLvpgO4eRW3zl,https://api.spotify.com/v1/tracks/7MmocSyYpeLvpgO4eRW3zl,https://api.spotify.com/v1/audio-analysis/7MmocSyYpeLvpgO4eRW3zl,214813,4
48,Un million par mois,0.763,0.535,1,-6.0,0,0.0512,0.655,0.0,0.133,0.719,134.877,audio_features,5JVf4pCn50ePuE6ZoF5oEg,spotify:track:5JVf4pCn50ePuE6ZoF5oEg,https://api.spotify.com/v1/tracks/5JVf4pCn50ePuE6ZoF5oEg,https://api.spotify.com/v1/audio-analysis/5JVf4pCn50ePuE6ZoF5oEg,188677,4
49,Tes parents (feat. Ninho),0.833,0.688,0,-7.3,0,0.245,0.256,0.0,0.373,0.534,125.022,audio_features,0G0ZyEQyc3IBcRnYCvtTwb,spotify:track:0G0ZyEQyc3IBcRnYCvtTwb,https://api.spotify.com/v1/tracks/0G0ZyEQyc3IBcRnYCvtTwb,https://api.spotify.com/v1/audio-analysis/0G0ZyEQyc3IBcRnYCvtTwb,214320,4
