,Song Name,Danceability,Energy,Key,Loudness,Mode,Speechiness,Acousticness,Instramentalness,Liveness,Valence,Tempo,Type,ID,URI,Track Href,Analysis URL,Duration (ms),Time Signature
0,"Illegal Weapon 2.0 (From ""Street Dancer 3D"")",0.805,0.919,1,-1.294,1,0.0938,0.101,0.00343,0.0598,0.494,94.993,audio_features,5fXslGZPI5Cco6PKHzlSL3,spotify:track:5fXslGZPI5Cco6PKHzlSL3,https://api.spotify.com/v1/tracks/5fXslGZPI5Cco6PKHzlSL3,https://api.spotify.com/v1/audio-analysis/5fXslGZPI5Cco6PKHzlSL3,188606,4
1,"Muqabla (From ""Street Dancer 3D"")",0.804,0.913,0,-3.135,1,0.0933,0.0248,2.84e-05,0.391,0.544,119.993,audio_features,28veUNu4veN0LOBVa0nFw8,spotify:track:28veUNu4veN0LOBVa0nFw8,https://api.spotify.com/v1/tracks/28veUNu4veN0LOBVa0nFw8,https://api.spotify.com/v1/audio-analysis/28veUNu4veN0LOBVa0nFw8,176125,4
2,"Garmi (From ""Street Dancer 3D"") (feat. Varun Dhawan)",0.788,0.87,9,-5.217,1,0.177,0.123,1.43e-05,0.0692,0.884,109.974,audio_features,6q9XTgfWilsnyiFofvYrIF,spotify:track:6q9XTgfWilsnyiFofvYrIF,https://api.spotify.com/v1/tracks/6q9XTgfWilsnyiFofvYrIF,https://api.spotify.com/v1/audio-analysis/6q9XTgfWilsnyiFofvYrIF,182739,4
3,Yummy,0.662,0.519,9,-6.554,0,0.106,0.404,0.0,0.121,0.495,145.841,audio_features,41L3O37CECZt3N7ziG2z7l,spotify:track:41L3O37CECZt3N7ziG2z7l,https://api.spotify.com/v1/tracks/41L3O37CECZt3N7ziG2z7l,https://api.spotify.com/v1/audio-analysis/41L3O37CECZt3N7ziG2z7l,210427,4
4,Makhna,0.696,0.704,1,-7.876,1,0.0423,0.167,0.0,0.155,0.426,124.972,audio_features,0ZHILXmUaVSLEOCWxPQ1ga,spotify:track:0ZHILXmUaVSLEOCWxPQ1ga,https://api.spotify.com/v1/tracks/0ZHILXmUaVSLEOCWxPQ1ga,https://api.spotify.com/v1/audio-analysis/0ZHILXmUaVSLEOCWxPQ1ga,183000,4
5,Falling,0.784,0.43,10,-8.756,0,0.0364,0.123,0.0,0.0887,0.236,127.087,audio_features,4TnjEaWOeW0eKTKIEvJyCa,spotify:track:4TnjEaWOeW0eKTKIEvJyCa,https://api.spotify.com/v1/tracks/4TnjEaWOeW0eKTKIEvJyCa,https://api.spotify.com/v1/audio-analysis/4TnjEaWOeW0eKTKIEvJyCa,159382,4
6,"Ghungroo (From ""War"")",0.695,0.727,6,-6.274,0,0.0323,0.0744,0.000175,0.533,0.864,118.034,audio_features,0WdbnNKO0Jt4BZACSDQh44,spotify:track:0WdbnNKO0Jt4BZACSDQh44,https://api.spotify.com/v1/tracks/0WdbnNKO0Jt4BZACSDQh44,https://api.spotify.com/v1/audio-analysis/0WdbnNKO0Jt4BZACSDQh44,302935,4
7,Yaad Piya Ki Aane Lagi,0.858,0.833,5,-3.747,0,0.0471,0.375,0.0,0.112,0.693,107.977,audio_features,0TkquWzzuxcrwbCWlTrKYF,spotify:track:0TkquWzzuxcrwbCWlTrKYF,https://api.spotify.com/v1/tracks/0TkquWzzuxcrwbCWlTrKYF,https://api.spotify.com/v1/audio-analysis/0TkquWzzuxcrwbCWlTrKYF,256678,4
8,Memories,0.764,0.32,11,-7.209,1,0.0546,0.837,0.0,0.0822,0.575,91.019,audio_features,2b8fOow8UzyDFAE27YhOZM,spotify:track:2b8fOow8UzyDFAE27YhOZM,https://api.spotify.com/v1/tracks/2b8fOow8UzyDFAE27YhOZM,https://api.spotify.com/v1/audio-analysis/2b8fOow8UzyDFAE27YhOZM,189486,4
9,"Tujhe Kitna Chahne Lage (From ""Kabir Singh"")",0.427,0.396,11,-7.556,1,0.0366,0.736,0.0,0.11,0.306,70.368,audio_features,2Fv2injs4qAm8mJBGaxVKU,spotify:track:2Fv2injs4qAm8mJBGaxVKU,https://api.spotify.com/v1/tracks/2Fv2injs4qAm8mJBGaxVKU,https://api.spotify.com/v1/audio-analysis/2Fv2injs4qAm8mJBGaxVKU,284780,4
10,Rare,0.838,0.545,5,-6.713,1,0.0706,0.208,8.01e-05,0.103,0.631,114.998,audio_features,7HMmFQsKsljwTw8bS7lu19,spotify:track:7HMmFQsKsljwTw8bS7lu19,https://api.spotify.com/v1/tracks/7HMmFQsKsljwTw8bS7lu19,https://api.spotify.com/v1/audio-analysis/7HMmFQsKsljwTw8bS7lu19,220590,4
11,ROXANNE,0.621,0.601,6,-5.616,0,0.148,0.0522,0.0,0.46,0.457,116.735,audio_features,696DnlkuDOXcMAnKlTgXXK,spotify:track:696DnlkuDOXcMAnKlTgXXK,https://api.spotify.com/v1/tracks/696DnlkuDOXcMAnKlTgXXK,https://api.spotify.com/v1/audio-analysis/696DnlkuDOXcMAnKlTgXXK,163636,5
12,"Tum Hi Aana (From ""Marjaavaan"")",0.473,0.401,4,-7.018,0,0.0241,0.629,1.17e-05,0.154,0.345,90.076,audio_features,6E9UwSfT80age2xknoMS7Y,spotify:track:6E9UwSfT80age2xknoMS7Y,https://api.spotify.com/v1/tracks/6E9UwSfT80age2xknoMS7Y,https://api.spotify.com/v1/audio-analysis/6E9UwSfT80age2xknoMS7Y,249127,4
13,Señorita,0.759,0.548,9,-6.049,0,0.029,0.0392,0.0,0.0828,0.749,116.967,audio_features,6v3KW9xbzN5yKLt9YKDYA2,spotify:track:6v3KW9xbzN5yKLt9YKDYA2,https://api.spotify.com/v1/tracks/6v3KW9xbzN5yKLt9YKDYA2,https://api.spotify.com/v1/audio-analysis/6v3KW9xbzN5yKLt9YKDYA2,190800,4
14,"Tu Hi Yaar Mera (From ""Pati Patni Aur Woh"")",0.717,0.382,7,-8.237,1,0.057,0.585,0.0,0.128,0.481,87.038,audio_features,57jOEZtoLQK4zF2x55bdkp,spotify:track:57jOEZtoLQK4zF2x55bdkp,https://api.spotify.com/v1/tracks/57jOEZtoLQK4zF2x55bdkp,https://api.spotify.com/v1/audio-analysis/57jOEZtoLQK4zF2x55bdkp,200992,4
15,Blinding Lights,0.513,0.796,1,-4.075,1,0.0629,0.00147,0.000209,0.0938,0.345,171.017,audio_features,0sf12qNH5qcw8qpgymFOqD,spotify:track:0sf12qNH5qcw8qpgymFOqD,https://api.spotify.com/v1/tracks/0sf12qNH5qcw8qpgymFOqD,https://api.spotify.com/v1/audio-analysis/0sf12qNH5qcw8qpgymFOqD,201573,4
16,"O Saki Saki (From ""Batla House"")",0.737,0.961,10,-0.155,0,0.0747,0.163,0.0,0.361,0.567,108.014,audio_features,5djZm1zFGcJUSUqbBjrAZH,spotify:track:5djZm1zFGcJUSUqbBjrAZH,https://api.spotify.com/v1/tracks/5djZm1zFGcJUSUqbBjrAZH,https://api.spotify.com/v1/audio-analysis/5djZm1zFGcJUSUqbBjrAZH,191089,4
17,Buttabomma - Telugu,0.666,0.644,11,-8.964,0,0.145,0.753,0.000262,0.124,0.89,115.1,audio_features,0dnDTvdUco2UbaBjUtPxNS,spotify:track:0dnDTvdUco2UbaBjUtPxNS,https://api.spotify.com/v1/tracks/0dnDTvdUco2UbaBjUtPxNS,https://api.spotify.com/v1/audio-analysis/0dnDTvdUco2UbaBjUtPxNS,198783,4
18,"Shaitan Ka Saala (From ""Housefull 4"")",0.844,0.772,7,-4.621,1,0.194,0.284,2.38e-06,0.368,0.336,100.008,audio_features,7IAJzec1UxGYmNvbPTHbxx,spotify:track:7IAJzec1UxGYmNvbPTHbxx,https://api.spotify.com/v1/tracks/7IAJzec1UxGYmNvbPTHbxx,https://api.spotify.com/v1/audio-analysis/7IAJzec1UxGYmNvbPTHbxx,147395,4
19,Pal Pal Dil Ke Paas- Title Track,0.56,0.512,1,-7.185,0,0.0333,0.592,0.0,0.056,0.39,123.991,audio_features,7lGhrfren1Zpwh0ds0zuUg,spotify:track:7lGhrfren1Zpwh0ds0zuUg,https://api.spotify.com/v1/tracks/7lGhrfren1Zpwh0ds0zuUg,https://api.spotify.com/v1/audio-analysis/7lGhrfren1Zpwh0ds0zuUg,254516,4
20,Sauda Khara Khara,0.687,0.919,10,-3.28,1,0.0635,0.0939,4.38e-06,0.105,0.877,145.037,audio_features,1v8H06ctqfMX8IUxU9nCaI,spotify:track:1v8H06ctqfMX8IUxU9nCaI,https://api.spotify.com/v1/tracks/1v8H06ctqfMX8IUxU9nCaI,https://api.spotify.com/v1/audio-analysis/1v8H06ctqfMX8IUxU9nCaI,211034,4
21,Circles,0.695,0.762,0,-3.497,1,0.0395,0.192,0.00244,0.0863,0.553,120.042,audio_features,21jGcNKet2qwijlDFuPiPb,spotify:track:21jGcNKet2qwijlDFuPiPb,https://api.spotify.com/v1/tracks/21jGcNKet2qwijlDFuPiPb,https://api.spotify.com/v1/audio-analysis/21jGcNKet2qwijlDFuPiPb,215280,4
22,"Duniyaa (From ""Luka Chuppi"")",0.435,0.658,7,-5.949,0,0.0368,0.699,0.0,0.125,0.524,77.17,audio_features,2tjWCe2W7sgvS3C8NHcdtI,spotify:track:2tjWCe2W7sgvS3C8NHcdtI,https://api.spotify.com/v1/tracks/2tjWCe2W7sgvS3C8NHcdtI,https://api.spotify.com/v1/audio-analysis/2tjWCe2W7sgvS3C8NHcdtI,222501,4
23,"Chal Ghar Chalen (From ""Malang - Unleash The Madness"") [Mithoon feat. Arijit Singh]",0.285,0.238,5,-9.623,0,0.0375,0.663,9.23e-06,0.0793,0.213,179.918,audio_features,2U0BLmYoSESYOdwMxW2yA9,spotify:track:2U0BLmYoSESYOdwMxW2yA9,https://api.spotify.com/v1/tracks/2U0BLmYoSESYOdwMxW2yA9,https://api.spotify.com/v1/audio-analysis/2U0BLmYoSESYOdwMxW2yA9,340672,4
24,"Dheeme Dheeme (From ""Pati Patni Aur Woh"")",0.8,0.972,10,-2.053,0,0.0405,0.15,0.00337,0.351,0.694,110.054,audio_features,7ofWUKeNCUw1P64ArIwG9b,spotify:track:7ofWUKeNCUw1P64ArIwG9b,https://api.spotify.com/v1/tracks/7ofWUKeNCUw1P64ArIwG9b,https://api.spotify.com/v1/audio-analysis/7ofWUKeNCUw1P64ArIwG9b,177383,4
25,"Bekhayali (From ""Kabir Singh"")",0.308,0.585,9,-5.18,0,0.0428,0.45,0.0,0.319,0.345,171.843,audio_features,1feANd8EfcDP5UqSvbheM3,spotify:track:1feANd8EfcDP5UqSvbheM3,https://api.spotify.com/v1/tracks/1feANd8EfcDP5UqSvbheM3,https://api.spotify.com/v1/audio-analysis/1feANd8EfcDP5UqSvbheM3,371791,3
26,Filhall,0.526,0.659,0,-4.14,0,0.0558,0.605,0.0,0.134,0.586,79.907,audio_features,6E7P1uT2afeor2t6wR2y2r,spotify:track:6E7P1uT2afeor2t6wR2y2r,https://api.spotify.com/v1/tracks/6E7P1uT2afeor2t6wR2y2r,https://api.spotify.com/v1/audio-analysis/6E7P1uT2afeor2t6wR2y2r,255000,4
27,Chandigarh Mein,0.809,0.873,6,-2.455,0,0.0556,0.00612,9.07e-06,0.0732,0.34,100.013,audio_features,5RHCtCi4k67doox07JmHTf,spotify:track:5RHCtCi4k67doox07JmHTf,https://api.spotify.com/v1/tracks/5RHCtCi4k67doox07JmHTf,https://api.spotify.com/v1/audio-analysis/5RHCtCi4k67doox07JmHTf,205200,4
28,"Mere Sohneya (From ""Kabir Singh"")",0.376,0.643,9,-5.713,1,0.0411,0.558,0.0,0.217,0.646,136.224,audio_features,2IoZMG3RqiTmsy7Li3zGFg,spotify:track:2IoZMG3RqiTmsy7Li3zGFg,https://api.spotify.com/v1/tracks/2IoZMG3RqiTmsy7Li3zGFg,https://api.spotify.com/v1/audio-analysis/2IoZMG3RqiTmsy7Li3zGFg,193356,5
29,"Tera Ban Jaunga (From ""Kabir Singh"")",0.605,0.53,11,-6.346,1,0.0246,0.822,0.0,0.131,0.399,93.951,audio_features,4OcvkkpF3xmyCGGY5IBlgi,spotify:track:4OcvkkpF3xmyCGGY5IBlgi,https://api.spotify.com/v1/tracks/4OcvkkpF3xmyCGGY5IBlgi,https://api.spotify.com/v1/audio-analysis/4OcvkkpF3xmyCGGY5IBlgi,236437,4
30,Ve Maahi,0.65,0.551,0,-6.906,1,0.0274,0.405,0.0,0.219,0.294,102.934,audio_features,7ltu5scschhmNWp5rp8rVF,spotify:track:7ltu5scschhmNWp5rp8rVF,https://api.spotify.com/v1/tracks/7ltu5scschhmNWp5rp8rVF,https://api.spotify.com/v1/audio-analysis/7ltu5scschhmNWp5rp8rVF,223999,4
31,My Oh My (feat. DaBaby),0.724,0.491,8,-6.024,1,0.0296,0.018,1.29e-05,0.0887,0.383,105.046,audio_features,3yOlyBJuViE2YSGn3nVE1K,spotify:track:3yOlyBJuViE2YSGn3nVE1K,https://api.spotify.com/v1/tracks/3yOlyBJuViE2YSGn3nVE1K,https://api.spotify.com/v1/audio-analysis/3yOlyBJuViE2YSGn3nVE1K,170746,4
32,Kamaal,0.847,0.552,2,-12.189,1,0.26,0.199,1.68e-06,0.142,0.748,99.997,audio_features,1q7W78ZYL9iqyYeVONU2hg,spotify:track:1q7W78ZYL9iqyYeVONU2hg,https://api.spotify.com/v1/tracks/1q7W78ZYL9iqyYeVONU2hg,https://api.spotify.com/v1/audio-analysis/1q7W78ZYL9iqyYeVONU2hg,178200,4
33,8 Parche,0.652,0.862,8,-2.29,0,0.206,0.161,0.0,0.203,0.727,173.859,audio_features,42ETKyApzUl8hTtytFAjen,spotify:track:42ETKyApzUl8hTtytFAjen,https://api.spotify.com/v1/tracks/42ETKyApzUl8hTtytFAjen,https://api.spotify.com/v1/audio-analysis/42ETKyApzUl8hTtytFAjen,210000,4
34,"Naah Goriye (From ""Bala"")",0.823,0.765,2,-1.695,0,0.0633,0.464,0.0,0.0601,0.715,99.96,audio_features,1CM4rFDU9q4EoLy2K44qE6,spotify:track:1CM4rFDU9q4EoLy2K44qE6,https://api.spotify.com/v1/tracks/1CM4rFDU9q4EoLy2K44qE6,https://api.spotify.com/v1/audio-analysis/1CM4rFDU9q4EoLy2K44qE6,184618,4
35,"Lagdi Lahore Di (From ""Street Dancer 3D"")",0.786,0.797,6,-4.063,1,0.0414,0.233,0.0,0.0861,0.453,95.014,audio_features,5I2wbDvSI98HLVB42YO9sU,spotify:track:5I2wbDvSI98HLVB42YO9sU,https://api.spotify.com/v1/tracks/5I2wbDvSI98HLVB42YO9sU,https://api.spotify.com/v1/audio-analysis/5I2wbDvSI98HLVB42YO9sU,215368,4
36,"Dua Karo (From ""Street Dancer 3D"")",0.463,0.828,0,-4.605,0,0.0857,0.124,0.0,0.141,0.335,170.081,audio_features,5zEx8v8GJKoTx55zGeq8me,spotify:track:5zEx8v8GJKoTx55zGeq8me,https://api.spotify.com/v1/tracks/5zEx8v8GJKoTx55zGeq8me,https://api.spotify.com/v1/audio-analysis/5zEx8v8GJKoTx55zGeq8me,269382,4
37,Lose You To Love Me,0.488,0.343,4,-8.985,1,0.0436,0.556,0.0,0.21,0.0978,102.819,audio_features,4l0Mvzj72xxOpRrp6h8nHi,spotify:track:4l0Mvzj72xxOpRrp6h8nHi,https://api.spotify.com/v1/tracks/4l0Mvzj72xxOpRrp6h8nHi,https://api.spotify.com/v1/audio-analysis/4l0Mvzj72xxOpRrp6h8nHi,206459,4
38,Life Is Good (feat. Drake),0.676,0.609,2,-5.831,0,0.481,0.0706,0.0,0.152,0.508,142.037,audio_features,5yY9lUy8nbvjM1Uyo1Uqoc,spotify:track:5yY9lUy8nbvjM1Uyo1Uqoc,https://api.spotify.com/v1/tracks/5yY9lUy8nbvjM1Uyo1Uqoc,https://api.spotify.com/v1/audio-analysis/5yY9lUy8nbvjM1Uyo1Uqoc,237735,4
39,Samajavaragamana,0.568,0.663,8,-6.179,1,0.0345,0.91,4.82e-05,0.124,0.808,165.203,audio_features,3j9DrRebdWK1jkpOw9FZUy,spotify:track:3j9DrRebdWK1jkpOw9FZUy,https://api.spotify.com/v1/tracks/3j9DrRebdWK1jkpOw9FZUy,https://api.spotify.com/v1/audio-analysis/3j9DrRebdWK1jkpOw9FZUy,219818,3
40,"Kaise Hua (From ""Kabir Singh"")",0.385,0.464,2,-6.975,1,0.0404,0.452,0.0,0.109,0.15,137.839,audio_features,1y1rQTkWmrZdJmjwuK07GC,spotify:track:1y1rQTkWmrZdJmjwuK07GC,https://api.spotify.com/v1/tracks/1y1rQTkWmrZdJmjwuK07GC,https://api.spotify.com/v1/audio-analysis/1y1rQTkWmrZdJmjwuK07GC,234722,4
41,"Pachtaoge (From ""Jaani Ve"")",0.515,0.691,5,-4.028,0,0.0344,0.624,0.0,0.121,0.484,169.521,audio_features,5QVHNa0ppJUOoqSd36ovQS,spotify:track:5QVHNa0ppJUOoqSd36ovQS,https://api.spotify.com/v1/tracks/5QVHNa0ppJUOoqSd36ovQS,https://api.spotify.com/v1/audio-analysis/5QVHNa0ppJUOoqSd36ovQS,226789,3
42,Chal Bombay,0.862,0.619,6,-6.645,0,0.318,0.0434,0.0,0.117,0.512,95.036,audio_features,6AooRgSRDzbCYL4NZ4RCjU,spotify:track:6AooRgSRDzbCYL4NZ4RCjU,https://api.spotify.com/v1/tracks/6AooRgSRDzbCYL4NZ4RCjU,https://api.spotify.com/v1/audio-analysis/6AooRgSRDzbCYL4NZ4RCjU,174000,4
43,Sakhiyaan,0.706,0.674,9,-5.932,1,0.044,0.3,0.0,0.202,0.359,83.001,audio_features,3sqRODOZ1Z6hR4F2tnFAlg,spotify:track:3sqRODOZ1Z6hR4F2tnFAlg,https://api.spotify.com/v1/tracks/3sqRODOZ1Z6hR4F2tnFAlg,https://api.spotify.com/v1/audio-analysis/3sqRODOZ1Z6hR4F2tnFAlg,179326,4
44,"Don't Be Shy Again (From ""Bala"")",0.798,0.905,5,-3.731,0,0.0581,0.0979,4.22e-06,0.307,0.905,105.005,audio_features,2TbCdbFzs2xO2nzasn0Qvw,spotify:track:2TbCdbFzs2xO2nzasn0Qvw,https://api.spotify.com/v1/tracks/2TbCdbFzs2xO2nzasn0Qvw,https://api.spotify.com/v1/audio-analysis/2TbCdbFzs2xO2nzasn0Qvw,164160,4
45,Sunflower - Spider-Man: Into the Spider-Verse,0.755,0.522,2,-4.368,1,0.0575,0.533,0.0,0.0685,0.925,89.96,audio_features,0RiRZpuVRbi7oqRdSMwhQY,spotify:track:0RiRZpuVRbi7oqRdSMwhQY,https://api.spotify.com/v1/tracks/0RiRZpuVRbi7oqRdSMwhQY,https://api.spotify.com/v1/audio-analysis/0RiRZpuVRbi7oqRdSMwhQY,157560,4
46,On My Way,0.509,0.689,1,-4.929,0,0.102,0.0209,0.0,0.301,0.297,170.087,audio_features,4n7jnSxVLd8QioibtTDBDq,spotify:track:4n7jnSxVLd8QioibtTDBDq,https://api.spotify.com/v1/tracks/4n7jnSxVLd8QioibtTDBDq,https://api.spotify.com/v1/audio-analysis/4n7jnSxVLd8QioibtTDBDq,193798,4
47,Trampoline (with ZAYN),0.619,0.459,7,-5.782,0,0.0334,0.56,0.0,0.137,0.498,126.803,audio_features,2ez6qvOTHKeI3ss80NGqnI,spotify:track:2ez6qvOTHKeI3ss80NGqnI,https://api.spotify.com/v1/tracks/2ez6qvOTHKeI3ss80NGqnI,https://api.spotify.com/v1/audio-analysis/2ez6qvOTHKeI3ss80NGqnI,184280,4
48,"Mummy Nu Pasand (From ""Jai Mummy Di"")",0.776,0.969,8,-0.079,0,0.105,0.0149,0.000153,0.352,0.802,94.018,audio_features,74qF0JeFMVilMEeFDiQZ48,spotify:track:74qF0JeFMVilMEeFDiQZ48,https://api.spotify.com/v1/tracks/74qF0JeFMVilMEeFDiQZ48,https://api.spotify.com/v1/audio-analysis/74qF0JeFMVilMEeFDiQZ48,184609,4
49,Naagin,0.807,0.5,9,-10.361,1,0.0581,0.0335,8.73e-06,0.0967,0.243,97.09,audio_features,7gAyu0od48mkaCw1laPKVC,spotify:track:7gAyu0od48mkaCw1laPKVC,https://api.spotify.com/v1/tracks/7gAyu0od48mkaCw1laPKVC,https://api.spotify.com/v1/audio-analysis/7gAyu0od48mkaCw1laPKVC,157000,4
