,Song Name,Danceability,Energy,Key,Loudness,Mode,Speechiness,Acousticness,Instramentalness,Liveness,Valence,Tempo,Type,ID,URI,Track Href,Analysis URL,Duration (ms),Time Signature
0,Pretender,0.538,0.869,8,-3.464,1,0.0275,0.047,0.0,0.14,0.369,91.972,audio_features,49h5Aav6yn1o1ACGyovDdZ,spotify:track:49h5Aav6yn1o1ACGyovDdZ,https://api.spotify.com/v1/tracks/49h5Aav6yn1o1ACGyovDdZ,https://api.spotify.com/v1/audio-analysis/49h5Aav6yn1o1ACGyovDdZ,326843,4
1,Teenager Forever,0.498,0.92,0,-3.546,1,0.109,0.0676,0.0,0.342,0.702,114.901,audio_features,1jtBcfrVYDtykjyM66hroR,spotify:track:1jtBcfrVYDtykjyM66hroR,https://api.spotify.com/v1/tracks/1jtBcfrVYDtykjyM66hroR,https://api.spotify.com/v1/audio-analysis/1jtBcfrVYDtykjyM66hroR,189080,4
2,Hakujitsu,0.606,0.901,1,-2.552,1,0.11,0.67,0.0,0.289,0.748,93.012,audio_features,0mNO3xUzjsI17GXO1DRFCH,spotify:track:0mNO3xUzjsI17GXO1DRFCH,https://api.spotify.com/v1/tracks/0mNO3xUzjsI17GXO1DRFCH,https://api.spotify.com/v1/audio-analysis/0mNO3xUzjsI17GXO1DRFCH,274913,4
3,Shukumei,0.547,0.577,5,-6.087,1,0.0336,0.0152,0.0,0.109,0.494,164.032,audio_features,2K74OeuU2y0RN746g9EizC,spotify:track:2K74OeuU2y0RN746g9EizC,https://api.spotify.com/v1/tracks/2K74OeuU2y0RN746g9EizC,https://api.spotify.com/v1/audio-analysis/2K74OeuU2y0RN746g9EizC,280856,4
4,Umbrella,0.709,0.88,10,-4.322,1,0.0487,0.374,0.0,0.0459,0.687,105.084,audio_features,3JdeDiWCJW7KFLr58GHrSQ,spotify:track:3JdeDiWCJW7KFLr58GHrSQ,https://api.spotify.com/v1/tracks/3JdeDiWCJW7KFLr58GHrSQ,https://api.spotify.com/v1/audio-analysis/3JdeDiWCJW7KFLr58GHrSQ,203213,4
5,Machigaisagashi,0.534,0.642,2,-5.568,1,0.0372,0.52,0.0,0.39,0.443,155.916,audio_features,4Jj31lihp5Nvdi4lFRjrqc,spotify:track:4Jj31lihp5Nvdi4lFRjrqc,https://api.spotify.com/v1/tracks/4Jj31lihp5Nvdi4lFRjrqc,https://api.spotify.com/v1/audio-analysis/4Jj31lihp5Nvdi4lFRjrqc,223640,4
6,Yesterday,0.541,0.8,6,-3.687,1,0.0382,0.0442,0.0,0.398,0.56,129.939,audio_features,43MGiVpukiSOnm7RdltAtZ,spotify:track:43MGiVpukiSOnm7RdltAtZ,https://api.spotify.com/v1/tracks/43MGiVpukiSOnm7RdltAtZ,https://api.spotify.com/v1/audio-analysis/43MGiVpukiSOnm7RdltAtZ,299164,4
7,Doron,0.579,0.945,8,-1.669,1,0.0474,0.303,0.0,0.318,0.576,120.057,audio_features,2JY4tbfUERXveQxv6wTFFv,spotify:track:2JY4tbfUERXveQxv6wTFFv,https://api.spotify.com/v1/tracks/2JY4tbfUERXveQxv6wTFFv,https://api.spotify.com/v1/audio-analysis/2JY4tbfUERXveQxv6wTFFv,182853,4
8,Humor,0.729,0.731,10,-6.325,0,0.0911,0.805,4.6e-05,0.242,0.737,105.06,audio_features,0q5UAd2D2ZC8lGZcKXdyEg,spotify:track:0q5UAd2D2ZC8lGZcKXdyEg,https://api.spotify.com/v1/tracks/0q5UAd2D2ZC8lGZcKXdyEg,https://api.spotify.com/v1/audio-analysis/0q5UAd2D2ZC8lGZcKXdyEg,207427,4
9,ノーダウト,0.574,0.936,2,-3.185,1,0.07,0.0585,0.0,0.336,0.793,149.953,audio_features,5DMEvbg3gUmiR5HIBWdveV,spotify:track:5DMEvbg3gUmiR5HIBWdveV,https://api.spotify.com/v1/tracks/5DMEvbg3gUmiR5HIBWdveV,https://api.spotify.com/v1/audio-analysis/5DMEvbg3gUmiR5HIBWdveV,202395,4
10,115万キロのフィルム,0.514,0.791,3,-1.927,1,0.0318,0.00345,0.0,0.141,0.482,96.966,audio_features,278JqkBGkjDovOYAwE8TW7,spotify:track:278JqkBGkjDovOYAwE8TW7,https://api.spotify.com/v1/tracks/278JqkBGkjDovOYAwE8TW7,https://api.spotify.com/v1/audio-analysis/278JqkBGkjDovOYAwE8TW7,324633,4
11,Small Planet,0.615,0.953,11,-2.996,1,0.0544,0.0797,0.0186,0.198,0.766,119.947,audio_features,6eRs5SaiDOaGJ5AceBnrsk,spotify:track:6eRs5SaiDOaGJ5AceBnrsk,https://api.spotify.com/v1/tracks/6eRs5SaiDOaGJ5AceBnrsk,https://api.spotify.com/v1/audio-analysis/6eRs5SaiDOaGJ5AceBnrsk,151773,4
12,マリーゴールド,0.545,0.745,2,-3.098,1,0.0286,0.0452,0.0,0.0907,0.413,106.094,audio_features,0jWVUKsIoyo3zw64RaEWYg,spotify:track:0jWVUKsIoyo3zw64RaEWYg,https://api.spotify.com/v1/tracks/0jWVUKsIoyo3zw64RaEWYg,https://api.spotify.com/v1/audio-analysis/0jWVUKsIoyo3zw64RaEWYg,306627,4
13,Hakujitsu,0.605,0.891,1,-3.242,1,0.115,0.562,0.0,0.322,0.697,93.011,audio_features,4wel6DQu0dMVBRVn2ZTPoy,spotify:track:4wel6DQu0dMVBRVn2ZTPoy,https://api.spotify.com/v1/tracks/4wel6DQu0dMVBRVn2ZTPoy,https://api.spotify.com/v1/audio-analysis/4wel6DQu0dMVBRVn2ZTPoy,276373,4
14,Overflow,0.729,0.896,1,-5.378,1,0.074,0.183,0.0,0.336,0.848,120.038,audio_features,0oWEKdOaSIKqI5uzxvXs1u,spotify:track:0oWEKdOaSIKqI5uzxvXs1u,https://api.spotify.com/v1/tracks/0oWEKdOaSIKqI5uzxvXs1u,https://api.spotify.com/v1/audio-analysis/0oWEKdOaSIKqI5uzxvXs1u,201427,4
15,Gurenge,0.545,0.979,4,-2.8,0,0.153,0.00339,0.000118,0.0775,0.309,135.002,audio_features,23DbzwNJSLo7nkSWjODMvY,spotify:track:23DbzwNJSLo7nkSWjODMvY,https://api.spotify.com/v1/tracks/23DbzwNJSLo7nkSWjODMvY,https://api.spotify.com/v1/audio-analysis/23DbzwNJSLo7nkSWjODMvY,238587,4
16,Hikoutei,0.475,0.841,1,-2.94,1,0.0446,0.0711,0.0,0.358,0.469,79.93,audio_features,6Ea33AvEANARkK2QduzhRm,spotify:track:6Ea33AvEANARkK2QduzhRm,https://api.spotify.com/v1/tracks/6Ea33AvEANARkK2QduzhRm,https://api.spotify.com/v1/audio-analysis/6Ea33AvEANARkK2QduzhRm,260893,4
17,Sayonara Elegy,0.466,0.934,1,-2.739,1,0.0539,0.00333,0.0,0.277,0.62,154.966,audio_features,0QKmcZNAST4GytJYmkN05D,spotify:track:0QKmcZNAST4GytJYmkN05D,https://api.spotify.com/v1/tracks/0QKmcZNAST4GytJYmkN05D,https://api.spotify.com/v1/audio-analysis/0QKmcZNAST4GytJYmkN05D,257067,4
18,Interlude,0.295,0.362,8,-11.611,1,0.0331,0.734,0.923,0.348,0.104,35.316,audio_features,7dwaamkVTLD92ac3Oc7C9v,spotify:track:7dwaamkVTLD92ac3Oc7C9v,https://api.spotify.com/v1/tracks/7dwaamkVTLD92ac3Oc7C9v,https://api.spotify.com/v1/audio-analysis/7dwaamkVTLD92ac3Oc7C9v,56480,4
19,高嶺の花子さん,0.54,0.923,9,-2.838,1,0.0623,0.066,0.0,0.124,0.343,137.977,audio_features,2jdbZGFp8KVTuk0YxDNL4l,spotify:track:2jdbZGFp8KVTuk0YxDNL4l,https://api.spotify.com/v1/tracks/2jdbZGFp8KVTuk0YxDNL4l,https://api.spotify.com/v1/audio-analysis/2jdbZGFp8KVTuk0YxDNL4l,294813,4
20,Danjo,0.414,0.452,1,-5.96,1,0.0308,0.836,1.13e-06,0.0691,0.0712,139.48,audio_features,3UQ7ucO3jNFqldwHjg5cW2,spotify:track:3UQ7ucO3jNFqldwHjg5cW2,https://api.spotify.com/v1/tracks/3UQ7ucO3jNFqldwHjg5cW2,https://api.spotify.com/v1/audio-analysis/3UQ7ucO3jNFqldwHjg5cW2,340480,4
21,Opening Ceremony,0.349,0.591,1,-7.653,1,0.0322,0.316,0.895,0.501,0.0747,90.239,audio_features,7FG7G92RL32cRIQ6iTnjMi,spotify:track:7FG7G92RL32cRIQ6iTnjMi,https://api.spotify.com/v1/tracks/7FG7G92RL32cRIQ6iTnjMi,https://api.spotify.com/v1/audio-analysis/7FG7G92RL32cRIQ6iTnjMi,48973,4
22,Stand By You,0.609,0.869,1,-5.129,1,0.0422,0.00864,0.0,0.283,0.626,154.024,audio_features,6SzML1m0wK3edW6RbH3oxT,spotify:track:6SzML1m0wK3edW6RbH3oxT,https://api.spotify.com/v1/tracks/6SzML1m0wK3edW6RbH3oxT,https://api.spotify.com/v1/audio-analysis/6SzML1m0wK3edW6RbH3oxT,256132,4
23,インフェルノ,0.533,0.918,4,-2.095,1,0.0616,0.00894,0.0,0.643,0.662,92.504,audio_features,2vOAHp8PBBFYqvQUWSoITY,spotify:track:2vOAHp8PBBFYqvQUWSoITY,https://api.spotify.com/v1/tracks/2vOAHp8PBBFYqvQUWSoITY,https://api.spotify.com/v1/audio-analysis/2vOAHp8PBBFYqvQUWSoITY,211600,4
24,Vinyl,0.661,0.892,1,-3.83,1,0.111,0.0597,0.0,0.174,0.728,90.018,audio_features,2zbWCme3Dvp8071b4R4nkY,spotify:track:2zbWCme3Dvp8071b4R4nkY,https://api.spotify.com/v1/tracks/2zbWCme3Dvp8071b4R4nkY,https://api.spotify.com/v1/audio-analysis/2zbWCme3Dvp8071b4R4nkY,294387,4
25,君はロックを聴かない,0.524,0.687,7,-4.039,1,0.0267,0.00135,0.0,0.169,0.619,99.919,audio_features,59eluCMn0XbOWqeWQ91FTM,spotify:track:59eluCMn0XbOWqeWQ91FTM,https://api.spotify.com/v1/tracks/59eluCMn0XbOWqeWQ91FTM,https://api.spotify.com/v1/audio-analysis/59eluCMn0XbOWqeWQ91FTM,246307,4
26,Hikoutei,0.471,0.852,1,-3.391,1,0.0462,0.0408,0.0,0.329,0.491,79.931,audio_features,68KMKHen3fHDgD8z1aBWCK,spotify:track:68KMKHen3fHDgD8z1aBWCK,https://api.spotify.com/v1/tracks/68KMKHen3fHDgD8z1aBWCK,https://api.spotify.com/v1/audio-analysis/68KMKHen3fHDgD8z1aBWCK,261910,4
27,HANABI,0.638,0.766,1,-5.541,1,0.0268,0.156,0.0,0.124,0.595,112.0,audio_features,77lmDcPPyY6kK907gdgC6i,spotify:track:77lmDcPPyY6kK907gdgC6i,https://api.spotify.com/v1/tracks/77lmDcPPyY6kK907gdgC6i,https://api.spotify.com/v1/audio-analysis/77lmDcPPyY6kK907gdgC6i,342773,4
28,クリスマスソング,0.404,0.705,4,-3.324,1,0.0315,0.128,0.0,0.123,0.42,154.02,audio_features,5P8ZvBQoCrujjNcLAxO3Su,spotify:track:5P8ZvBQoCrujjNcLAxO3Su,https://api.spotify.com/v1/tracks/5P8ZvBQoCrujjNcLAxO3Su,https://api.spotify.com/v1/audio-analysis/5P8ZvBQoCrujjNcLAxO3Su,340080,4
29,ただ君に晴れ,0.679,0.834,5,-3.223,1,0.032,0.343,5.74e-06,0.119,0.962,139.996,audio_features,3wJHCry960drNlAUGrJLmz,spotify:track:3wJHCry960drNlAUGrJLmz,https://api.spotify.com/v1/tracks/3wJHCry960drNlAUGrJLmz,https://api.spotify.com/v1/audio-analysis/3wJHCry960drNlAUGrJLmz,198971,4
30,青と夏,0.31,0.891,4,-1.66,1,0.0469,0.00157,0.0,0.284,0.748,184.886,audio_features,5BC6kr6etk2Y9J62AyI4i3,spotify:track:5BC6kr6etk2Y9J62AyI4i3,https://api.spotify.com/v1/tracks/5BC6kr6etk2Y9J62AyI4i3,https://api.spotify.com/v1/audio-analysis/5BC6kr6etk2Y9J62AyI4i3,270027,4
31,I Love...,0.54,0.706,9,-5.235,1,0.0543,0.0171,0.0,0.225,0.385,172.021,audio_features,4pRqq3MwcqitKqNO8rOrOb,spotify:track:4pRqq3MwcqitKqNO8rOrOb,https://api.spotify.com/v1/tracks/4pRqq3MwcqitKqNO8rOrOb,https://api.spotify.com/v1/audio-analysis/4pRqq3MwcqitKqNO8rOrOb,282027,4
32,Turning Up,0.769,0.817,1,-5.409,1,0.103,0.0225,1.03e-06,0.244,0.896,118.021,audio_features,4zdQmfTLWgGd5mAX4MUIaX,spotify:track:4zdQmfTLWgGd5mAX4MUIaX,https://api.spotify.com/v1/tracks/4zdQmfTLWgGd5mAX4MUIaX,https://api.spotify.com/v1/audio-analysis/4zdQmfTLWgGd5mAX4MUIaX,182633,4
33,Yummy,0.662,0.519,9,-6.554,0,0.106,0.404,0.0,0.121,0.495,145.841,audio_features,41L3O37CECZt3N7ziG2z7l,spotify:track:41L3O37CECZt3N7ziG2z7l,https://api.spotify.com/v1/tracks/41L3O37CECZt3N7ziG2z7l,https://api.spotify.com/v1/audio-analysis/41L3O37CECZt3N7ziG2z7l,210427,4
34,bad guy,0.701,0.425,7,-10.965,1,0.375,0.328,0.13,0.1,0.562,135.128,audio_features,2Fxmhks0bxGSBdJ92vM42m,spotify:track:2Fxmhks0bxGSBdJ92vM42m,https://api.spotify.com/v1/tracks/2Fxmhks0bxGSBdJ92vM42m,https://api.spotify.com/v1/audio-analysis/2Fxmhks0bxGSBdJ92vM42m,194088,4
35,Closing Ceremony,0.228,0.524,9,-8.759,0,0.0405,0.937,0.796,0.292,0.218,118.124,audio_features,3c17D6let3Z5PKNatNLBnM,spotify:track:3c17D6let3Z5PKNatNLBnM,https://api.spotify.com/v1/tracks/3c17D6let3Z5PKNatNLBnM,https://api.spotify.com/v1/audio-analysis/3c17D6let3Z5PKNatNLBnM,89640,3
36,ハッピーエンド,0.359,0.648,6,-3.36,0,0.0373,0.047,2.43e-06,0.16,0.336,78.308,audio_features,0ssEfLe9aqPhMmLXKqBw6J,spotify:track:0ssEfLe9aqPhMmLXKqBw6J,https://api.spotify.com/v1/tracks/0ssEfLe9aqPhMmLXKqBw6J,https://api.spotify.com/v1/audio-analysis/0ssEfLe9aqPhMmLXKqBw6J,314147,4
37,Walking with you,0.422,0.969,7,-0.824,1,0.0591,0.00585,0.0,0.533,0.496,92.524,audio_features,7tGDXCPLpAScEwmqab9YZd,spotify:track:7tGDXCPLpAScEwmqab9YZd,https://api.spotify.com/v1/tracks/7tGDXCPLpAScEwmqab9YZd,https://api.spotify.com/v1/audio-analysis/7tGDXCPLpAScEwmqab9YZd,223187,4
38,ワタリドリ,0.454,0.966,9,-3.423,1,0.156,0.00233,0.0,0.246,0.409,134.99,audio_features,1LAeF5obe85aCbgfuzvX0n,spotify:track:1LAeF5obe85aCbgfuzvX0n,https://api.spotify.com/v1/tracks/1LAeF5obe85aCbgfuzvX0n,https://api.spotify.com/v1/audio-analysis/1LAeF5obe85aCbgfuzvX0n,251760,4
39,366日,0.378,0.426,8,-7.314,1,0.0308,0.675,0.0,0.207,0.184,152.03,audio_features,22aZD7yaGYfhgCYazL4nbc,spotify:track:22aZD7yaGYfhgCYazL4nbc,https://api.spotify.com/v1/tracks/22aZD7yaGYfhgCYazL4nbc,https://api.spotify.com/v1/audio-analysis/22aZD7yaGYfhgCYazL4nbc,352507,4
40,小さな恋のうた,0.403,0.778,11,-4.856,1,0.0395,0.00203,0.0,0.227,0.628,115.581,audio_features,23atyJacJVHvB9RHBNhr35,spotify:track:23atyJacJVHvB9RHBNhr35,https://api.spotify.com/v1/tracks/23atyJacJVHvB9RHBNhr35,https://api.spotify.com/v1/audio-analysis/23atyJacJVHvB9RHBNhr35,222640,4
41,今夜このまま,0.441,0.852,1,-3.595,1,0.0383,0.0254,0.0,0.0862,0.64,104.855,audio_features,0sSG83UxY15ft1E2N9THYF,spotify:track:0sSG83UxY15ft1E2N9THYF,https://api.spotify.com/v1/tracks/0sSG83UxY15ft1E2N9THYF,https://api.spotify.com/v1/audio-analysis/0sSG83UxY15ft1E2N9THYF,238093,4
42,点描の唄,0.502,0.632,0,-4.612,1,0.0273,0.447,0.0,0.103,0.308,152.014,audio_features,1sIIlVrnPhrvmTrHtzM7tV,spotify:track:1sIIlVrnPhrvmTrHtzM7tV,https://api.spotify.com/v1/tracks/1sIIlVrnPhrvmTrHtzM7tV,https://api.spotify.com/v1/audio-analysis/1sIIlVrnPhrvmTrHtzM7tV,307067,4
43,Wherever you are,0.379,0.69,4,-4.79,1,0.0549,0.0286,0.0,0.335,0.288,173.716,audio_features,0YAMQSmHk6BSUGTYpaoqTJ,spotify:track:0YAMQSmHk6BSUGTYpaoqTJ,https://api.spotify.com/v1/tracks/0YAMQSmHk6BSUGTYpaoqTJ,https://api.spotify.com/v1/audio-analysis/0YAMQSmHk6BSUGTYpaoqTJ,295600,4
44,ハルノヒ,0.591,0.673,9,-2.445,1,0.0294,0.263,0.0,0.109,0.525,106.956,audio_features,7GYGVDPbi0zQUBIkuOPAY0,spotify:track:7GYGVDPbi0zQUBIkuOPAY0,https://api.spotify.com/v1/tracks/7GYGVDPbi0zQUBIkuOPAY0,https://api.spotify.com/v1/audio-analysis/7GYGVDPbi0zQUBIkuOPAY0,326867,4
45,愛をこめて花束を,0.341,0.827,7,-2.836,1,0.0466,0.0957,0.00161,0.0746,0.422,161.986,audio_features,0vciFgccaS4HTPNGSttKbU,spotify:track:0vciFgccaS4HTPNGSttKbU,https://api.spotify.com/v1/tracks/0vciFgccaS4HTPNGSttKbU,https://api.spotify.com/v1/audio-analysis/0vciFgccaS4HTPNGSttKbU,296627,4
46,打上花火,0.625,0.668,6,-4.315,1,0.0249,0.288,0.0,0.107,0.292,95.968,audio_features,4IouQaO9GkaHC7AtMErdSa,spotify:track:4IouQaO9GkaHC7AtMErdSa,https://api.spotify.com/v1/tracks/4IouQaO9GkaHC7AtMErdSa,https://api.spotify.com/v1/audio-analysis/4IouQaO9GkaHC7AtMErdSa,289578,4
47,新宝島,0.551,0.919,7,-3.484,0,0.074,0.0013,0.00638,0.352,0.652,157.989,audio_features,4a48lWUd64bZgHUDx0GZlj,spotify:track:4a48lWUd64bZgHUDx0GZlj,https://api.spotify.com/v1/tracks/4a48lWUd64bZgHUDx0GZlj,https://api.spotify.com/v1/audio-analysis/4a48lWUd64bZgHUDx0GZlj,305000,4
48,ロマンチシズム,0.598,0.878,10,-3.144,1,0.0634,0.0038,0.0,0.0468,0.901,125.529,audio_features,0JcI7OdALbpSFkyKoufRYs,spotify:track:0JcI7OdALbpSFkyKoufRYs,https://api.spotify.com/v1/tracks/0JcI7OdALbpSFkyKoufRYs,https://api.spotify.com/v1/audio-analysis/0JcI7OdALbpSFkyKoufRYs,213613,4
49,奏(かなで),0.519,0.666,10,-6.163,1,0.0262,0.553,0.000169,0.0948,0.461,149.839,audio_features,5RbMlPFL4gVyEHW2lEOuzG,spotify:track:5RbMlPFL4gVyEHW2lEOuzG,https://api.spotify.com/v1/tracks/5RbMlPFL4gVyEHW2lEOuzG,https://api.spotify.com/v1/audio-analysis/5RbMlPFL4gVyEHW2lEOuzG,328627,4
