,Song Name,Danceability,Energy,Key,Loudness,Mode,Speechiness,Acousticness,Instramentalness,Liveness,Valence,Tempo,Type,ID,URI,Track Href,Analysis URL,Duration (ms),Time Signature
0,Without You,0.669,0.698,11,-4.613,1,0.091,0.571,0.0,0.102,0.286,80.003,audio_features,0KWnRv3wxjltYVB3MqjNd2,spotify:track:0KWnRv3wxjltYVB3MqjNd2,https://api.spotify.com/v1/tracks/0KWnRv3wxjltYVB3MqjNd2,https://api.spotify.com/v1/audio-analysis/0KWnRv3wxjltYVB3MqjNd2,175500,4
1,句號,0.72,0.48,10,-8.552,1,0.0604,0.248,0.0,0.0704,0.464,143.945,audio_features,66YKSygcUZHHqHJZcWslI3,spotify:track:66YKSygcUZHHqHJZcWslI3,https://api.spotify.com/v1/tracks/66YKSygcUZHHqHJZcWslI3,https://api.spotify.com/v1/audio-analysis/66YKSygcUZHHqHJZcWslI3,235632,4
2,Yummy,0.662,0.519,9,-6.554,0,0.106,0.404,0.0,0.121,0.495,145.841,audio_features,41L3O37CECZt3N7ziG2z7l,spotify:track:41L3O37CECZt3N7ziG2z7l,https://api.spotify.com/v1/tracks/41L3O37CECZt3N7ziG2z7l,https://api.spotify.com/v1/audio-analysis/41L3O37CECZt3N7ziG2z7l,210427,4
3,Dance Monkey,0.824,0.588,6,-6.4,0,0.0924,0.692,0.000104,0.149,0.513,98.027,audio_features,2XU0oxnq2qxCpomAAuJY8K,spotify:track:2XU0oxnq2qxCpomAAuJY8K,https://api.spotify.com/v1/tracks/2XU0oxnq2qxCpomAAuJY8K,https://api.spotify.com/v1/audio-analysis/2XU0oxnq2qxCpomAAuJY8K,209438,4
4,Why You Gonna Lie,0.768,0.76,7,-3.729,1,0.105,0.763,0.0,0.141,0.736,90.0,audio_features,1rjUBUTswCkN8DIBxkgjJs,spotify:track:1rjUBUTswCkN8DIBxkgjJs,https://api.spotify.com/v1/tracks/1rjUBUTswCkN8DIBxkgjJs,https://api.spotify.com/v1/audio-analysis/1rjUBUTswCkN8DIBxkgjJs,174000,4
5,Señorita,0.759,0.548,9,-6.049,0,0.029,0.0392,0.0,0.0828,0.749,116.967,audio_features,6v3KW9xbzN5yKLt9YKDYA2,spotify:track:6v3KW9xbzN5yKLt9YKDYA2,https://api.spotify.com/v1/tracks/6v3KW9xbzN5yKLt9YKDYA2,https://api.spotify.com/v1/audio-analysis/6v3KW9xbzN5yKLt9YKDYA2,190800,4
6,說好不哭,0.512,0.35,10,-11.843,1,0.0311,0.478,1.15e-06,0.0855,0.343,152.023,audio_features,56wVfJKtnwlSZtC4NVgIrf,spotify:track:56wVfJKtnwlSZtC4NVgIrf,https://api.spotify.com/v1/tracks/56wVfJKtnwlSZtC4NVgIrf,https://api.spotify.com/v1/audio-analysis/56wVfJKtnwlSZtC4NVgIrf,222333,4
7,怎麼了,0.502,0.565,9,-7.779,1,0.0358,0.696,5.55e-05,0.156,0.253,139.926,audio_features,5cU1O9P0EDA0rPkPDykhIm,spotify:track:5cU1O9P0EDA0rPkPDykhIm,https://api.spotify.com/v1/tracks/5cU1O9P0EDA0rPkPDykhIm,https://api.spotify.com/v1/audio-analysis/5cU1O9P0EDA0rPkPDykhIm,321040,4
8,Memories,0.764,0.32,11,-7.209,1,0.0546,0.837,0.0,0.0822,0.575,91.019,audio_features,2b8fOow8UzyDFAE27YhOZM,spotify:track:2b8fOow8UzyDFAE27YhOZM,https://api.spotify.com/v1/tracks/2b8fOow8UzyDFAE27YhOZM,https://api.spotify.com/v1/audio-analysis/2b8fOow8UzyDFAE27YhOZM,189486,4
9,有一種悲傷 - 電影《比悲傷更悲傷的故事》主題曲,0.36,0.233,7,-11.512,1,0.0509,0.9,3.96e-06,0.106,0.37,77.436,audio_features,6iNH42q8haGYDYGhKK6XiJ,spotify:track:6iNH42q8haGYDYGhKK6XiJ,https://api.spotify.com/v1/tracks/6iNH42q8haGYDYGhKK6XiJ,https://api.spotify.com/v1/audio-analysis/6iNH42q8haGYDYGhKK6XiJ,237000,4
10,Rare,0.838,0.545,5,-6.713,1,0.0706,0.208,8.01e-05,0.103,0.631,114.998,audio_features,7HMmFQsKsljwTw8bS7lu19,spotify:track:7HMmFQsKsljwTw8bS7lu19,https://api.spotify.com/v1/tracks/7HMmFQsKsljwTw8bS7lu19,https://api.spotify.com/v1/audio-analysis/7HMmFQsKsljwTw8bS7lu19,220590,4
11,真的傻 (電影《一吻定情》追愛版主題曲),0.522,0.383,4,-10.962,1,0.0285,0.714,1.67e-05,0.106,0.332,150.018,audio_features,7mCr6Rn5jx04Fisvts97Z3,spotify:track:7mCr6Rn5jx04Fisvts97Z3,https://api.spotify.com/v1/tracks/7mCr6Rn5jx04Fisvts97Z3,https://api.spotify.com/v1/audio-analysis/7mCr6Rn5jx04Fisvts97Z3,256000,4
12,路過人間,0.615,0.386,3,-9.799,1,0.0312,0.825,4.46e-06,0.115,0.148,129.925,audio_features,03UChw9aTMMe4VtF2rSEXe,spotify:track:03UChw9aTMMe4VtF2rSEXe,https://api.spotify.com/v1/tracks/03UChw9aTMMe4VtF2rSEXe,https://api.spotify.com/v1/audio-analysis/03UChw9aTMMe4VtF2rSEXe,247133,4
13,年少有為,0.518,0.462,10,-8.471,1,0.0277,0.322,3.13e-06,0.117,0.289,131.892,audio_features,6XY80Ofqd8j0SGiEdRLwCp,spotify:track:6XY80Ofqd8j0SGiEdRLwCp,https://api.spotify.com/v1/tracks/6XY80Ofqd8j0SGiEdRLwCp,https://api.spotify.com/v1/audio-analysis/6XY80Ofqd8j0SGiEdRLwCp,279147,4
14,Don't Start Now,0.794,0.793,11,-4.521,0,0.0842,0.0125,0.0,0.0952,0.677,123.941,audio_features,6WrI0LAC5M1Rw2MnX2ZvEg,spotify:track:6WrI0LAC5M1Rw2MnX2ZvEg,https://api.spotify.com/v1/tracks/6WrI0LAC5M1Rw2MnX2ZvEg,https://api.spotify.com/v1/audio-analysis/6WrI0LAC5M1Rw2MnX2ZvEg,183290,4
15,最後一次,0.708,0.639,5,-4.173,1,0.0648,0.515,0.0,0.102,0.293,89.994,audio_features,4fw4NwYVD8nLWLtKtlN8df,spotify:track:4fw4NwYVD8nLWLtKtlN8df,https://api.spotify.com/v1/tracks/4fw4NwYVD8nLWLtKtlN8df,https://api.spotify.com/v1/audio-analysis/4fw4NwYVD8nLWLtKtlN8df,166000,4
16,浪流連,0.536,0.499,0,-8.033,1,0.0397,0.395,1.31e-06,0.0768,0.162,123.593,audio_features,7a6VJHMS9ttKsj55cKC51G,spotify:track:7a6VJHMS9ttKsj55cKC51G,https://api.spotify.com/v1/tracks/7a6VJHMS9ttKsj55cKC51G,https://api.spotify.com/v1/audio-analysis/7a6VJHMS9ttKsj55cKC51G,253724,4
17,透明,0.695,0.522,8,-9.945,1,0.0442,0.331,0.0,0.101,0.363,138.063,audio_features,6cCHHwJAI4TEF1eukFeR97,spotify:track:6cCHHwJAI4TEF1eukFeR97,https://api.spotify.com/v1/tracks/6cCHHwJAI4TEF1eukFeR97,https://api.spotify.com/v1/audio-analysis/6cCHHwJAI4TEF1eukFeR97,217264,4
18,天黑請閉眼 feat. 邱鋒澤,0.538,0.709,0,-6.318,1,0.051,0.275,0.0,0.0923,0.423,169.976,audio_features,3j5yYj3N0CQSgcHMF91ZlO,spotify:track:3j5yYj3N0CQSgcHMF91ZlO,https://api.spotify.com/v1/tracks/3j5yYj3N0CQSgcHMF91ZlO,https://api.spotify.com/v1/audio-analysis/3j5yYj3N0CQSgcHMF91ZlO,286832,4
19,Lose You To Love Me,0.488,0.343,4,-8.985,1,0.0436,0.556,0.0,0.21,0.0978,102.819,audio_features,4l0Mvzj72xxOpRrp6h8nHi,spotify:track:4l0Mvzj72xxOpRrp6h8nHi,https://api.spotify.com/v1/tracks/4l0Mvzj72xxOpRrp6h8nHi,https://api.spotify.com/v1/audio-analysis/4l0Mvzj72xxOpRrp6h8nHi,206459,4
20,倒數,0.526,0.671,5,-5.655,1,0.0324,0.0215,2.7e-06,0.104,0.204,164.062,audio_features,2HmM5p02Q2qrYZvXJRLVx3,spotify:track:2HmM5p02Q2qrYZvXJRLVx3,https://api.spotify.com/v1/tracks/2HmM5p02Q2qrYZvXJRLVx3,https://api.spotify.com/v1/audio-analysis/2HmM5p02Q2qrYZvXJRLVx3,229333,4
21,You should be sad,0.591,0.585,2,-6.35,1,0.0277,0.143,0.0,0.109,0.324,110.94,audio_features,2usxQITOSDqvkYiI0oIwao,spotify:track:2usxQITOSDqvkYiI0oIwao,https://api.spotify.com/v1/tracks/2usxQITOSDqvkYiI0oIwao,https://api.spotify.com/v1/audio-analysis/2usxQITOSDqvkYiI0oIwao,205473,4
22,Psycho,0.664,0.666,8,-2.203,1,0.0446,0.193,0.0,0.0854,0.405,139.987,audio_features,3CYH422oy1cZNoo0GTG1TK,spotify:track:3CYH422oy1cZNoo0GTG1TK,https://api.spotify.com/v1/tracks/3CYH422oy1cZNoo0GTG1TK,https://api.spotify.com/v1/audio-analysis/3CYH422oy1cZNoo0GTG1TK,210560,4
23,everything i wanted,0.704,0.225,6,-14.454,0,0.0994,0.902,0.657,0.106,0.243,120.006,audio_features,3ZCTVFBt2Brf31RLEnCkWJ,spotify:track:3ZCTVFBt2Brf31RLEnCkWJ,https://api.spotify.com/v1/tracks/3ZCTVFBt2Brf31RLEnCkWJ,https://api.spotify.com/v1/audio-analysis/3ZCTVFBt2Brf31RLEnCkWJ,245426,4
24,Circles,0.695,0.762,0,-3.497,1,0.0395,0.192,0.00244,0.0863,0.553,120.042,audio_features,21jGcNKet2qwijlDFuPiPb,spotify:track:21jGcNKet2qwijlDFuPiPb,https://api.spotify.com/v1/tracks/21jGcNKet2qwijlDFuPiPb,https://api.spotify.com/v1/audio-analysis/21jGcNKet2qwijlDFuPiPb,215280,4
25,绿色,0.703,0.561,3,-5.567,1,0.0297,0.386,0.0,0.9,0.436,121.991,audio_features,6ZoJngyuPof3KsFhFKA5P5,spotify:track:6ZoJngyuPof3KsFhFKA5P5,https://api.spotify.com/v1/tracks/6ZoJngyuPof3KsFhFKA5P5,https://api.spotify.com/v1/audio-analysis/6ZoJngyuPof3KsFhFKA5P5,269591,4
26,玫瑰少年,0.648,0.716,10,-6.657,0,0.0401,0.0577,2.16e-05,0.09,0.287,98.014,audio_features,2uHMTG5xr9Xk7MrXIWrVUH,spotify:track:2uHMTG5xr9Xk7MrXIWrVUH,https://api.spotify.com/v1/tracks/2uHMTG5xr9Xk7MrXIWrVUH,https://api.spotify.com/v1/audio-analysis/2uHMTG5xr9Xk7MrXIWrVUH,191719,4
27,那女孩對我說,0.547,0.496,7,-7.964,1,0.0251,0.399,0.0,0.0816,0.227,79.971,audio_features,5Gip2UwE4f8L4MQWsvcvfA,spotify:track:5Gip2UwE4f8L4MQWsvcvfA,https://api.spotify.com/v1/tracks/5Gip2UwE4f8L4MQWsvcvfA,https://api.spotify.com/v1/audio-analysis/5Gip2UwE4f8L4MQWsvcvfA,268875,4
28,差不多姑娘,0.759,0.714,6,-7.333,0,0.205,0.223,0.0,0.209,0.5,87.987,audio_features,1bxeQQXenRYsdXtiQr5Iko,spotify:track:1bxeQQXenRYsdXtiQr5Iko,https://api.spotify.com/v1/tracks/1bxeQQXenRYsdXtiQr5Iko,https://api.spotify.com/v1/audio-analysis/1bxeQQXenRYsdXtiQr5Iko,230043,4
29,小時候的我們,0.678,0.568,10,-7.7,1,0.0286,0.224,0.000196,0.0884,0.436,135.049,audio_features,3pyfEMTvunanVkcTFME2IK,spotify:track:3pyfEMTvunanVkcTFME2IK,https://api.spotify.com/v1/tracks/3pyfEMTvunanVkcTFME2IK,https://api.spotify.com/v1/audio-analysis/3pyfEMTvunanVkcTFME2IK,207560,4
30,你要的全拿走,0.618,0.573,4,-5.309,1,0.0363,0.339,0.0,0.13,0.157,133.986,audio_features,37BXaP8wCJrH0M3AdtSNyk,spotify:track:37BXaP8wCJrH0M3AdtSNyk,https://api.spotify.com/v1/tracks/37BXaP8wCJrH0M3AdtSNyk,https://api.spotify.com/v1/audio-analysis/37BXaP8wCJrH0M3AdtSNyk,299334,4
31,bad guy,0.701,0.425,7,-10.965,1,0.375,0.328,0.13,0.1,0.562,135.128,audio_features,2Fxmhks0bxGSBdJ92vM42m,spotify:track:2Fxmhks0bxGSBdJ92vM42m,https://api.spotify.com/v1/tracks/2Fxmhks0bxGSBdJ92vM42m,https://api.spotify.com/v1/audio-analysis/2Fxmhks0bxGSBdJ92vM42m,194088,4
32,你的酒馆对我打了烊,0.604,0.555,0,-7.788,0,0.0395,0.691,0.0,0.15,0.457,168.019,audio_features,6BL2V0CvfW9QVHm9oU4Lmk,spotify:track:6BL2V0CvfW9QVHm9oU4Lmk,https://api.spotify.com/v1/tracks/6BL2V0CvfW9QVHm9oU4Lmk,https://api.spotify.com/v1/audio-analysis/6BL2V0CvfW9QVHm9oU4Lmk,251429,4
33,"想見你想見你想見你(電視劇""想見你""片尾曲)",0.547,0.666,6,-5.694,1,0.0393,0.4,0.0,0.144,0.43,129.814,audio_features,69zgyr5HVKdInjeKpq1qHa,spotify:track:69zgyr5HVKdInjeKpq1qHa,https://api.spotify.com/v1/tracks/69zgyr5HVKdInjeKpq1qHa,https://api.spotify.com/v1/audio-analysis/69zgyr5HVKdInjeKpq1qHa,239795,4
34,溫柔 #MaydayBlue20th - feat.孫燕姿,0.437,0.675,10,-6.223,1,0.0379,0.392,0.0,0.127,0.364,148.068,audio_features,40fcXSuSb80MekMZM1ei2J,spotify:track:40fcXSuSb80MekMZM1ei2J,https://api.spotify.com/v1/tracks/40fcXSuSb80MekMZM1ei2J,https://api.spotify.com/v1/audio-analysis/40fcXSuSb80MekMZM1ei2J,271019,4
35,Beautiful People (feat. Khalid),0.64,0.648,5,-8.113,0,0.187,0.124,0.0,0.0802,0.548,92.977,audio_features,70eFcWOvlMObDhURTqT4Fv,spotify:track:70eFcWOvlMObDhURTqT4Fv,https://api.spotify.com/v1/tracks/70eFcWOvlMObDhURTqT4Fv,https://api.spotify.com/v1/audio-analysis/70eFcWOvlMObDhURTqT4Fv,197867,4
36,披星戴月的想你,0.695,0.314,9,-14.956,1,0.0349,0.198,0.000863,0.121,0.382,100.0,audio_features,75Rm8fulB9P9O6F7hdXNcE,spotify:track:75Rm8fulB9P9O6F7hdXNcE,https://api.spotify.com/v1/tracks/75Rm8fulB9P9O6F7hdXNcE,https://api.spotify.com/v1/audio-analysis/75Rm8fulB9P9O6F7hdXNcE,349003,4
37,慢冷,0.521,0.471,4,-8.247,1,0.0317,0.786,0.0,0.105,0.269,92.054,audio_features,3NNDJfWMGHuNpvHWTImmlW,spotify:track:3NNDJfWMGHuNpvHWTImmlW,https://api.spotify.com/v1/tracks/3NNDJfWMGHuNpvHWTImmlW,https://api.spotify.com/v1/audio-analysis/3NNDJfWMGHuNpvHWTImmlW,289604,4
38,ROXANNE,0.621,0.601,6,-5.616,0,0.148,0.0522,0.0,0.46,0.457,116.735,audio_features,696DnlkuDOXcMAnKlTgXXK,spotify:track:696DnlkuDOXcMAnKlTgXXK,https://api.spotify.com/v1/tracks/696DnlkuDOXcMAnKlTgXXK,https://api.spotify.com/v1/audio-analysis/696DnlkuDOXcMAnKlTgXXK,163636,5
39,慢慢喜歡你,0.601,0.316,7,-9.55,1,0.0365,0.876,2.64e-05,0.365,0.375,130.118,audio_features,7EoyERNueJuFlQbyrRB0US,spotify:track:7EoyERNueJuFlQbyrRB0US,https://api.spotify.com/v1/tracks/7EoyERNueJuFlQbyrRB0US,https://api.spotify.com/v1/audio-analysis/7EoyERNueJuFlQbyrRB0US,221447,4
40,Falling,0.784,0.43,10,-8.756,0,0.0364,0.123,0.0,0.0887,0.236,127.087,audio_features,4TnjEaWOeW0eKTKIEvJyCa,spotify:track:4TnjEaWOeW0eKTKIEvJyCa,https://api.spotify.com/v1/tracks/4TnjEaWOeW0eKTKIEvJyCa,https://api.spotify.com/v1/audio-analysis/4TnjEaWOeW0eKTKIEvJyCa,159382,4
41,Blinding Lights,0.513,0.796,1,-4.075,1,0.0629,0.00147,0.000209,0.0938,0.345,171.017,audio_features,0sf12qNH5qcw8qpgymFOqD,spotify:track:0sf12qNH5qcw8qpgymFOqD,https://api.spotify.com/v1/tracks/0sf12qNH5qcw8qpgymFOqD,https://api.spotify.com/v1/audio-analysis/0sf12qNH5qcw8qpgymFOqD,201573,4
42,別讓我走遠 (電視劇《我們與惡的距離》主題曲),0.375,0.5,8,-8.214,1,0.033,0.112,5.89e-06,0.106,0.161,141.879,audio_features,17vSkOiBKf4h8h56zbAU6z,spotify:track:17vSkOiBKf4h8h56zbAU6z,https://api.spotify.com/v1/tracks/17vSkOiBKf4h8h56zbAU6z,https://api.spotify.com/v1/audio-analysis/17vSkOiBKf4h8h56zbAU6z,199756,4
43,摩天動物園,0.649,0.612,2,-8.166,1,0.188,0.0187,1.27e-06,0.0676,0.342,172.113,audio_features,4BS6PFxtLxMwJB855VGDO7,spotify:track:4BS6PFxtLxMwJB855VGDO7,https://api.spotify.com/v1/tracks/4BS6PFxtLxMwJB855VGDO7,https://api.spotify.com/v1/audio-analysis/4BS6PFxtLxMwJB855VGDO7,270677,4
44,Mean It,0.746,0.45,7,-8.543,1,0.0872,0.0407,0.0,0.172,0.336,95.998,audio_features,5ACkb3CikcSZPF0h7FSZAp,spotify:track:5ACkb3CikcSZPF0h7FSZAp,https://api.spotify.com/v1/tracks/5ACkb3CikcSZPF0h7FSZAp,https://api.spotify.com/v1/audio-analysis/5ACkb3CikcSZPF0h7FSZAp,232853,4
45,Be Alright,0.656,0.674,0,-6.31,1,0.0326,0.232,0.0,0.373,0.725,86.007,audio_features,1ggo5EkgQKtOcrYlJ0mEZS,spotify:track:1ggo5EkgQKtOcrYlJ0mEZS,https://api.spotify.com/v1/tracks/1ggo5EkgQKtOcrYlJ0mEZS,https://api.spotify.com/v1/audio-analysis/1ggo5EkgQKtOcrYlJ0mEZS,202326,4
46,輸情歌,0.633,0.327,5,-8.225,1,0.0431,0.784,0.0,0.185,0.557,149.959,audio_features,2Ub5ZGPsej0A6YpvzhntLL,spotify:track:2Ub5ZGPsej0A6YpvzhntLL,https://api.spotify.com/v1/tracks/2Ub5ZGPsej0A6YpvzhntLL,https://api.spotify.com/v1/audio-analysis/2Ub5ZGPsej0A6YpvzhntLL,224653,4
47,Someone You Loved,0.501,0.405,1,-5.679,1,0.0319,0.751,0.0,0.105,0.446,109.891,audio_features,7qEHsqek33rTcFNT9PFqLf,spotify:track:7qEHsqek33rTcFNT9PFqLf,https://api.spotify.com/v1/tracks/7qEHsqek33rTcFNT9PFqLf,https://api.spotify.com/v1/audio-analysis/7qEHsqek33rTcFNT9PFqLf,182161,4
48,來自天堂的魔鬼,0.595,0.7,7,-5.576,0,0.0301,0.0244,0.0,0.0876,0.302,135.993,audio_features,0g2XnkKghVN22yze1gTJzl,spotify:track:0g2XnkKghVN22yze1gTJzl,https://api.spotify.com/v1/tracks/0g2XnkKghVN22yze1gTJzl,https://api.spotify.com/v1/audio-analysis/0g2XnkKghVN22yze1gTJzl,245493,4
49,B.O.,0.772,0.559,1,-8.735,1,0.124,0.556,0.0,0.101,0.794,100.056,audio_features,2LoGv4HSbilp1SVoQ10Qw6,spotify:track:2LoGv4HSbilp1SVoQ10Qw6,https://api.spotify.com/v1/tracks/2LoGv4HSbilp1SVoQ10Qw6,https://api.spotify.com/v1/audio-analysis/2LoGv4HSbilp1SVoQ10Qw6,237407,4
