,Song Name,Danceability,Energy,Key,Loudness,Mode,Speechiness,Acousticness,Instramentalness,Liveness,Valence,Tempo,Type,ID,URI,Track Href,Analysis URL,Duration (ms),Time Signature
0,The Box,0.896,0.586,10,-6.687,0,0.0559,0.104,0.0,0.79,0.642,116.971,audio_features,0nbXyq5TXYPCO7pr3N8S4I,spotify:track:0nbXyq5TXYPCO7pr3N8S4I,https://api.spotify.com/v1/tracks/0nbXyq5TXYPCO7pr3N8S4I,https://api.spotify.com/v1/audio-analysis/0nbXyq5TXYPCO7pr3N8S4I,196653,4
1,Life Is Good (feat. Drake),0.676,0.609,2,-5.831,0,0.481,0.0706,0.0,0.152,0.508,142.037,audio_features,5yY9lUy8nbvjM1Uyo1Uqoc,spotify:track:5yY9lUy8nbvjM1Uyo1Uqoc,https://api.spotify.com/v1/tracks/5yY9lUy8nbvjM1Uyo1Uqoc,https://api.spotify.com/v1/audio-analysis/5yY9lUy8nbvjM1Uyo1Uqoc,237735,4
2,Dance Monkey,0.824,0.588,6,-6.4,0,0.0924,0.692,0.000104,0.149,0.513,98.027,audio_features,2XU0oxnq2qxCpomAAuJY8K,spotify:track:2XU0oxnq2qxCpomAAuJY8K,https://api.spotify.com/v1/tracks/2XU0oxnq2qxCpomAAuJY8K,https://api.spotify.com/v1/audio-analysis/2XU0oxnq2qxCpomAAuJY8K,209438,4
3,Own It (feat. Ed Sheeran & Burna Boy),0.817,0.781,7,-4.178,0,0.112,0.00838,5.21e-06,0.123,0.359,104.0,audio_features,4QPEwDdOMhY7rNS05mTyMR,spotify:track:4QPEwDdOMhY7rNS05mTyMR,https://api.spotify.com/v1/tracks/4QPEwDdOMhY7rNS05mTyMR,https://api.spotify.com/v1/audio-analysis/4QPEwDdOMhY7rNS05mTyMR,216707,4
4,ROXANNE,0.621,0.601,6,-5.616,0,0.148,0.0522,0.0,0.46,0.457,116.735,audio_features,696DnlkuDOXcMAnKlTgXXK,spotify:track:696DnlkuDOXcMAnKlTgXXK,https://api.spotify.com/v1/tracks/696DnlkuDOXcMAnKlTgXXK,https://api.spotify.com/v1/audio-analysis/696DnlkuDOXcMAnKlTgXXK,163636,5
5,Before You Go,0.459,0.575,3,-4.858,1,0.0573,0.604,0.0,0.0885,0.183,111.881,audio_features,2gMXnyrvIjhVBUZwvLZDMP,spotify:track:2gMXnyrvIjhVBUZwvLZDMP,https://api.spotify.com/v1/tracks/2gMXnyrvIjhVBUZwvLZDMP,https://api.spotify.com/v1/audio-analysis/2gMXnyrvIjhVBUZwvLZDMP,215107,4
6,Don't Start Now,0.794,0.793,11,-4.521,0,0.0842,0.0125,0.0,0.0952,0.677,123.941,audio_features,6WrI0LAC5M1Rw2MnX2ZvEg,spotify:track:6WrI0LAC5M1Rw2MnX2ZvEg,https://api.spotify.com/v1/tracks/6WrI0LAC5M1Rw2MnX2ZvEg,https://api.spotify.com/v1/audio-analysis/6WrI0LAC5M1Rw2MnX2ZvEg,183290,4
7,Yummy,0.662,0.519,9,-6.554,0,0.106,0.404,0.0,0.121,0.495,145.841,audio_features,41L3O37CECZt3N7ziG2z7l,spotify:track:41L3O37CECZt3N7ziG2z7l,https://api.spotify.com/v1/tracks/41L3O37CECZt3N7ziG2z7l,https://api.spotify.com/v1/audio-analysis/41L3O37CECZt3N7ziG2z7l,210427,4
8,everything i wanted,0.704,0.225,6,-14.454,0,0.0994,0.902,0.657,0.106,0.243,120.006,audio_features,3ZCTVFBt2Brf31RLEnCkWJ,spotify:track:3ZCTVFBt2Brf31RLEnCkWJ,https://api.spotify.com/v1/tracks/3ZCTVFBt2Brf31RLEnCkWJ,https://api.spotify.com/v1/audio-analysis/3ZCTVFBt2Brf31RLEnCkWJ,245426,4
9,Someone You Loved,0.501,0.405,1,-5.679,1,0.0319,0.751,0.0,0.105,0.446,109.891,audio_features,7qEHsqek33rTcFNT9PFqLf,spotify:track:7qEHsqek33rTcFNT9PFqLf,https://api.spotify.com/v1/tracks/7qEHsqek33rTcFNT9PFqLf,https://api.spotify.com/v1/audio-analysis/7qEHsqek33rTcFNT9PFqLf,182161,4
10,Blinding Lights,0.513,0.796,1,-4.075,1,0.0629,0.00147,0.000209,0.0938,0.345,171.017,audio_features,0sf12qNH5qcw8qpgymFOqD,spotify:track:0sf12qNH5qcw8qpgymFOqD,https://api.spotify.com/v1/tracks/0sf12qNH5qcw8qpgymFOqD,https://api.spotify.com/v1/audio-analysis/0sf12qNH5qcw8qpgymFOqD,201573,4
11,Adore You,0.676,0.771,8,-3.675,1,0.0483,0.0237,7e-06,0.102,0.569,99.048,audio_features,3jjujdWJ72nww5eGnfs2E7,spotify:track:3jjujdWJ72nww5eGnfs2E7,https://api.spotify.com/v1/tracks/3jjujdWJ72nww5eGnfs2E7,https://api.spotify.com/v1/audio-analysis/3jjujdWJ72nww5eGnfs2E7,207133,4
12,Lose Control,0.598,0.526,10,-8.659,0,0.0415,0.129,0.0,0.14,0.529,123.935,audio_features,7CHi4DtfK4heMlQaudCuHK,spotify:track:7CHi4DtfK4heMlQaudCuHK,https://api.spotify.com/v1/tracks/7CHi4DtfK4heMlQaudCuHK,https://api.spotify.com/v1/audio-analysis/7CHi4DtfK4heMlQaudCuHK,168387,4
13,Falling,0.784,0.43,10,-8.756,0,0.0364,0.123,0.0,0.0887,0.236,127.087,audio_features,4TnjEaWOeW0eKTKIEvJyCa,spotify:track:4TnjEaWOeW0eKTKIEvJyCa,https://api.spotify.com/v1/tracks/4TnjEaWOeW0eKTKIEvJyCa,https://api.spotify.com/v1/audio-analysis/4TnjEaWOeW0eKTKIEvJyCa,159382,4
14,My Oh My (feat. DaBaby),0.724,0.491,8,-6.024,1,0.0296,0.018,1.29e-05,0.0887,0.383,105.046,audio_features,3yOlyBJuViE2YSGn3nVE1K,spotify:track:3yOlyBJuViE2YSGn3nVE1K,https://api.spotify.com/v1/tracks/3yOlyBJuViE2YSGn3nVE1K,https://api.spotify.com/v1/audio-analysis/3yOlyBJuViE2YSGn3nVE1K,170746,4
15,Bruises,0.736,0.308,4,-7.83,1,0.0677,0.946,0.0,0.186,0.361,111.202,audio_features,4Of7rzpRpV1mWRbhp5rAqG,spotify:track:4Of7rzpRpV1mWRbhp5rAqG,https://api.spotify.com/v1/tracks/4Of7rzpRpV1mWRbhp5rAqG,https://api.spotify.com/v1/audio-analysis/4Of7rzpRpV1mWRbhp5rAqG,220492,4
16,Ride It,0.88,0.751,7,-4.258,0,0.0874,0.177,6.43e-05,0.106,0.884,117.948,audio_features,2tnVG71enUj33Ic2nFN6kZ,spotify:track:2tnVG71enUj33Ic2nFN6kZ,https://api.spotify.com/v1/tracks/2tnVG71enUj33Ic2nFN6kZ,https://api.spotify.com/v1/audio-analysis/2tnVG71enUj33Ic2nFN6kZ,157606,4
17,Lose You To Love Me,0.488,0.343,4,-8.985,1,0.0436,0.556,0.0,0.21,0.0978,102.819,audio_features,4l0Mvzj72xxOpRrp6h8nHi,spotify:track:4l0Mvzj72xxOpRrp6h8nHi,https://api.spotify.com/v1/tracks/4l0Mvzj72xxOpRrp6h8nHi,https://api.spotify.com/v1/audio-analysis/4l0Mvzj72xxOpRrp6h8nHi,206459,4
18,hot girl bummer,0.778,0.559,6,-7.109,0,0.0776,0.128,0.0,0.399,0.678,129.989,audio_features,7aiClxsDWFRQ0Kzk5KI5ku,spotify:track:7aiClxsDWFRQ0Kzk5KI5ku,https://api.spotify.com/v1/tracks/7aiClxsDWFRQ0Kzk5KI5ku,https://api.spotify.com/v1/audio-analysis/7aiClxsDWFRQ0Kzk5KI5ku,185093,1
19,Circles,0.695,0.762,0,-3.497,1,0.0395,0.192,0.00244,0.0863,0.553,120.042,audio_features,21jGcNKet2qwijlDFuPiPb,spotify:track:21jGcNKet2qwijlDFuPiPb,https://api.spotify.com/v1/tracks/21jGcNKet2qwijlDFuPiPb,https://api.spotify.com/v1/audio-analysis/21jGcNKet2qwijlDFuPiPb,215280,4
20,bad guy,0.701,0.425,7,-10.965,1,0.375,0.328,0.13,0.1,0.562,135.128,audio_features,2Fxmhks0bxGSBdJ92vM42m,spotify:track:2Fxmhks0bxGSBdJ92vM42m,https://api.spotify.com/v1/tracks/2Fxmhks0bxGSBdJ92vM42m,https://api.spotify.com/v1/audio-analysis/2Fxmhks0bxGSBdJ92vM42m,194088,4
21,Still Disappointed,0.731,0.674,1,-6.986,1,0.274,0.0943,0.0,0.0807,0.701,139.916,audio_features,78XK5PDIKWiDKcgiLl1x0o,spotify:track:78XK5PDIKWiDKcgiLl1x0o,https://api.spotify.com/v1/tracks/78XK5PDIKWiDKcgiLl1x0o,https://api.spotify.com/v1/audio-analysis/78XK5PDIKWiDKcgiLl1x0o,165027,4
22,This Is Real (ft. Ella Henderson),0.684,0.819,6,-5.072,1,0.0413,0.0259,0.0775,0.0985,0.607,122.008,audio_features,1pRShUtGOG6ZP5fsnw9G4h,spotify:track:1pRShUtGOG6ZP5fsnw9G4h,https://api.spotify.com/v1/tracks/1pRShUtGOG6ZP5fsnw9G4h,https://api.spotify.com/v1/audio-analysis/1pRShUtGOG6ZP5fsnw9G4h,199160,4
23,Memories,0.764,0.32,11,-7.209,1,0.0546,0.837,0.0,0.0822,0.575,91.019,audio_features,2b8fOow8UzyDFAE27YhOZM,spotify:track:2b8fOow8UzyDFAE27YhOZM,https://api.spotify.com/v1/tracks/2b8fOow8UzyDFAE27YhOZM,https://api.spotify.com/v1/audio-analysis/2b8fOow8UzyDFAE27YhOZM,189486,4
24,Pump It Up,0.899,0.894,1,-7.255,1,0.222,0.203,0.000101,0.0606,0.654,129.046,audio_features,0GiwV6v3AgJfdu59tj719Y,spotify:track:0GiwV6v3AgJfdu59tj719Y,https://api.spotify.com/v1/tracks/0GiwV6v3AgJfdu59tj719Y,https://api.spotify.com/v1/audio-analysis/0GiwV6v3AgJfdu59tj719Y,150635,4
25,Vossi Bop,0.682,0.653,8,-6.062,1,0.339,0.13,0.00116,0.129,0.428,188.115,audio_features,5DXKtoZLm31msT7tNGNHLG,spotify:track:5DXKtoZLm31msT7tNGNHLG,https://api.spotify.com/v1/tracks/5DXKtoZLm31msT7tNGNHLG,https://api.spotify.com/v1/audio-analysis/5DXKtoZLm31msT7tNGNHLG,196267,4
26,Watermelon Sugar,0.548,0.816,0,-4.209,1,0.0465,0.122,0.0,0.335,0.557,95.39,audio_features,6UelLqGlWMcVH1E5c4H7lY,spotify:track:6UelLqGlWMcVH1E5c4H7lY,https://api.spotify.com/v1/tracks/6UelLqGlWMcVH1E5c4H7lY,https://api.spotify.com/v1/audio-analysis/6UelLqGlWMcVH1E5c4H7lY,174000,4
27,Audacity (feat. Headie One),0.678,0.516,1,-4.601,1,0.444,0.0523,0.0,0.13,0.11,133.939,audio_features,6Oq4fiDzKaFMU89dTvM24u,spotify:track:6Oq4fiDzKaFMU89dTvM24u,https://api.spotify.com/v1/tracks/6Oq4fiDzKaFMU89dTvM24u,https://api.spotify.com/v1/audio-analysis/6Oq4fiDzKaFMU89dTvM24u,245920,4
28,South of the Border (feat. Camila Cabello & Cardi B),0.857,0.621,9,-6.376,0,0.0824,0.148,0.0,0.0865,0.668,97.986,audio_features,4vUmTMuQqjdnvlZmAH61Qk,spotify:track:4vUmTMuQqjdnvlZmAH61Qk,https://api.spotify.com/v1/tracks/4vUmTMuQqjdnvlZmAH61Qk,https://api.spotify.com/v1/audio-analysis/4vUmTMuQqjdnvlZmAH61Qk,204467,4
29,Rare,0.838,0.545,5,-6.713,1,0.0706,0.208,8.01e-05,0.103,0.631,114.998,audio_features,7HMmFQsKsljwTw8bS7lu19,spotify:track:7HMmFQsKsljwTw8bS7lu19,https://api.spotify.com/v1/tracks/7HMmFQsKsljwTw8bS7lu19,https://api.spotify.com/v1/audio-analysis/7HMmFQsKsljwTw8bS7lu19,220590,4
30,Don't Rush (feat. Headie One),0.961,0.461,9,-8.684,1,0.27,0.202,0.00402,0.162,0.324,108.028,audio_features,0PXukVbYpvz40KcEFKnIw7,spotify:track:0PXukVbYpvz40KcEFKnIw7,https://api.spotify.com/v1/tracks/0PXukVbYpvz40KcEFKnIw7,https://api.spotify.com/v1/audio-analysis/0PXukVbYpvz40KcEFKnIw7,207640,4
31,Location (feat. Burna Boy),0.812,0.496,9,-5.969,0,0.297,0.271,0.0,0.0955,0.55,109.979,audio_features,3z4CGd63tpUn9a6oQSG0CI,spotify:track:3z4CGd63tpUn9a6oQSG0CI,https://api.spotify.com/v1/tracks/3z4CGd63tpUn9a6oQSG0CI,https://api.spotify.com/v1/audio-analysis/3z4CGd63tpUn9a6oQSG0CI,241293,4
32,Lights Up,0.575,0.621,10,-8.165,0,0.032,0.0392,0.0045,0.141,0.27,101.987,audio_features,4jAIqgrPjKLTY9Gbez25Qb,spotify:track:4jAIqgrPjKLTY9Gbez25Qb,https://api.spotify.com/v1/tracks/4jAIqgrPjKLTY9Gbez25Qb,https://api.spotify.com/v1/audio-analysis/4jAIqgrPjKLTY9Gbez25Qb,172213,4
33,Ladbroke Grove,0.903,0.839,11,-9.447,0,0.208,0.0939,0.0,0.102,0.727,133.986,audio_features,7b4ky1LlQLFhXHmhZkFgqV,spotify:track:7b4ky1LlQLFhXHmhZkFgqV,https://api.spotify.com/v1/tracks/7b4ky1LlQLFhXHmhZkFgqV,https://api.spotify.com/v1/audio-analysis/7b4ky1LlQLFhXHmhZkFgqV,190537,4
34,Gangsta,0.708,0.649,0,-7.961,1,0.306,0.367,0.0,0.153,0.595,200.125,audio_features,0KzhyaVtr2v4J9GVdMgCk0,spotify:track:0KzhyaVtr2v4J9GVdMgCk0,https://api.spotify.com/v1/tracks/0KzhyaVtr2v4J9GVdMgCk0,https://api.spotify.com/v1/audio-analysis/0KzhyaVtr2v4J9GVdMgCk0,216000,4
35,Hold Me While You Wait,0.688,0.53,11,-5.507,1,0.0333,0.443,0.0,0.0995,0.162,106.958,audio_features,60iSKGrGazRzICtMjADNSM,spotify:track:60iSKGrGazRzICtMjADNSM,https://api.spotify.com/v1/tracks/60iSKGrGazRzICtMjADNSM,https://api.spotify.com/v1/audio-analysis/60iSKGrGazRzICtMjADNSM,205687,4
36,Lessons,0.637,0.509,9,-7.985,0,0.38,0.574,0.0,0.154,0.461,94.202,audio_features,5iVGN1Th2DqyWVNIBM8Vwk,spotify:track:5iVGN1Th2DqyWVNIBM8Vwk,https://api.spotify.com/v1/tracks/5iVGN1Th2DqyWVNIBM8Vwk,https://api.spotify.com/v1/audio-analysis/5iVGN1Th2DqyWVNIBM8Vwk,187933,4
37,I Don't Care (with Justin Bieber),0.798,0.675,6,-5.041,1,0.0442,0.0912,0.0,0.0894,0.842,101.956,audio_features,0hVXuCcriWRGvwMV1r5Yn9,spotify:track:0hVXuCcriWRGvwMV1r5Yn9,https://api.spotify.com/v1/tracks/0hVXuCcriWRGvwMV1r5Yn9,https://api.spotify.com/v1/audio-analysis/0hVXuCcriWRGvwMV1r5Yn9,219947,4
38,Netflix & Chill,0.859,0.619,6,-9.434,1,0.121,0.137,0.0,0.0933,0.631,132.01,audio_features,31m40qBxoj4iMSnQLkq8nP,spotify:track:31m40qBxoj4iMSnQLkq8nP,https://api.spotify.com/v1/tracks/31m40qBxoj4iMSnQLkq8nP,https://api.spotify.com/v1/audio-analysis/31m40qBxoj4iMSnQLkq8nP,221818,4
39,Heartless,0.531,0.75,10,-5.831,0,0.111,0.00632,7.6e-05,0.117,0.198,169.954,audio_features,57vxBYXtHMk6H1aD29V7PU,spotify:track:57vxBYXtHMk6H1aD29V7PU,https://api.spotify.com/v1/tracks/57vxBYXtHMk6H1aD29V7PU,https://api.spotify.com/v1/audio-analysis/57vxBYXtHMk6H1aD29V7PU,200080,4
40,Lucid Dreams,0.511,0.566,6,-7.23,0,0.2,0.349,0.0,0.34,0.218,83.903,audio_features,285pBltuF7vW8TeWk8hdRR,spotify:track:285pBltuF7vW8TeWk8hdRR,https://api.spotify.com/v1/tracks/285pBltuF7vW8TeWk8hdRR,https://api.spotify.com/v1/audio-analysis/285pBltuF7vW8TeWk8hdRR,239836,4
41,Turn Me On (feat. Vula),0.737,0.828,11,-4.711,1,0.0396,0.0149,0.000583,0.0862,0.517,124.052,audio_features,0qaWEvPkts34WF68r8Dzx9,spotify:track:0qaWEvPkts34WF68r8Dzx9,https://api.spotify.com/v1/tracks/0qaWEvPkts34WF68r8Dzx9,https://api.spotify.com/v1/audio-analysis/0qaWEvPkts34WF68r8Dzx9,208474,4
42,No Idea,0.656,0.614,6,-4.973,0,0.102,0.558,0.000862,0.215,0.35,128.038,audio_features,3VyjsVV24RmBIbWJAeUJNu,spotify:track:3VyjsVV24RmBIbWJAeUJNu,https://api.spotify.com/v1/tracks/3VyjsVV24RmBIbWJAeUJNu,https://api.spotify.com/v1/audio-analysis/3VyjsVV24RmBIbWJAeUJNu,153750,4
43,Señorita,0.759,0.548,9,-6.049,0,0.029,0.0392,0.0,0.0828,0.749,116.967,audio_features,6v3KW9xbzN5yKLt9YKDYA2,spotify:track:6v3KW9xbzN5yKLt9YKDYA2,https://api.spotify.com/v1/tracks/6v3KW9xbzN5yKLt9YKDYA2,https://api.spotify.com/v1/audio-analysis/6v3KW9xbzN5yKLt9YKDYA2,190800,4
44,Beautiful People (feat. Khalid),0.64,0.648,5,-8.113,0,0.187,0.124,0.0,0.0802,0.548,92.977,audio_features,70eFcWOvlMObDhURTqT4Fv,spotify:track:70eFcWOvlMObDhURTqT4Fv,https://api.spotify.com/v1/tracks/70eFcWOvlMObDhURTqT4Fv,https://api.spotify.com/v1/audio-analysis/70eFcWOvlMObDhURTqT4Fv,197867,4
45,Must Be,0.544,0.677,6,-5.011,1,0.342,0.0251,6.93e-06,0.241,0.601,90.701,audio_features,2n1oPHJVMPWJkjgHwVcksY,spotify:track:2n1oPHJVMPWJkjgHwVcksY,https://api.spotify.com/v1/tracks/2n1oPHJVMPWJkjgHwVcksY,https://api.spotify.com/v1/audio-analysis/2n1oPHJVMPWJkjgHwVcksY,207975,4
46,SUGAR,0.453,0.538,1,-8.212,1,0.0638,0.449,0.0,0.19,0.516,122.973,audio_features,6U0FIYXCQ3TGrk4tFpLrEA,spotify:track:6U0FIYXCQ3TGrk4tFpLrEA,https://api.spotify.com/v1/tracks/6U0FIYXCQ3TGrk4tFpLrEA,https://api.spotify.com/v1/audio-analysis/6U0FIYXCQ3TGrk4tFpLrEA,204533,4
47,HIGHEST IN THE ROOM,0.598,0.427,7,-8.764,0,0.0317,0.0546,5.83e-06,0.21,0.0605,76.469,audio_features,3eekarcy7kvN4yt5ZFzltW,spotify:track:3eekarcy7kvN4yt5ZFzltW,https://api.spotify.com/v1/tracks/3eekarcy7kvN4yt5ZFzltW,https://api.spotify.com/v1/audio-analysis/3eekarcy7kvN4yt5ZFzltW,175721,4
48,Strike a Pose (feat. Aitch),0.531,0.581,1,-5.801,1,0.101,0.0107,1.62e-05,0.101,0.591,137.776,audio_features,23GvTfcGK454ppLsts3W44,spotify:track:23GvTfcGK454ppLsts3W44,https://api.spotify.com/v1/tracks/23GvTfcGK454ppLsts3W44,https://api.spotify.com/v1/audio-analysis/23GvTfcGK454ppLsts3W44,214204,5
49,Good News,0.794,0.32,1,-12.92,0,0.173,0.853,0.134,0.112,0.241,174.088,audio_features,3ClBKQkKoaUQ6UOhe2xlJK,spotify:track:3ClBKQkKoaUQ6UOhe2xlJK,https://api.spotify.com/v1/tracks/3ClBKQkKoaUQ6UOhe2xlJK,https://api.spotify.com/v1/audio-analysis/3ClBKQkKoaUQ6UOhe2xlJK,342040,4
